protocol_id,dataset,model_version,training_scope,risk_bonus,threshold,accuracy,precision_spam,recall_spam,f1_spam,macro_f1,weighted_f1,balanced_accuracy,false_positive_rate,true_negative,false_positive,false_negative,true_positive,roc_auc,pr_auc,recall_at_precision_90,recall_at_precision_95
A,main_holdout,v8_semantic_main,main_only,0.0,-0.2,0.10066666666666667,0.10066666666666667,1.0,0.18291944276196245,0.09145972138098123,0.018413890571370887,0.5,1.0,0.0,5396.0,0.0,604.0,0.998169787284179,0.9899528894721582,0.9784768211920529,0.9668874172185431
A,main_holdout,v8_semantic_main,main_only,0.0,-0.15,0.10066666666666667,0.10066666666666667,1.0,0.18291944276196245,0.09145972138098123,0.018413890571370887,0.5,1.0,0.0,5396.0,0.0,604.0,0.998169787284179,0.9899528894721582,0.9784768211920529,0.9668874172185431
A,main_holdout,v8_semantic_main,main_only,0.0,-0.1,0.10066666666666667,0.10066666666666667,1.0,0.18291944276196245,0.09145972138098123,0.018413890571370887,0.5,1.0,0.0,5396.0,0.0,604.0,0.998169787284179,0.9899528894721582,0.9784768211920529,0.9668874172185431
A,main_holdout,v8_semantic_main,main_only,0.0,-0.05,0.10066666666666667,0.10066666666666667,1.0,0.18291944276196245,0.09145972138098123,0.018413890571370887,0.5,1.0,0.0,5396.0,0.0,604.0,0.998169787284179,0.9899528894721582,0.9784768211920529,0.9668874172185431
A,main_holdout,v8_semantic_main,main_only,0.0,0.0,0.10066666666666667,0.10066666666666667,1.0,0.18291944276196245,0.09145972138098123,0.018413890571370887,0.5,1.0,0.0,5396.0,0.0,604.0,0.998169787284179,0.9899528894721582,0.9784768211920529,0.9668874172185431
A,main_holdout,v8_semantic_main,main_only,0.0,0.05,0.8231666666666667,0.36259771497294047,0.9983443708609272,0.5319805910895457,0.7114850042676744,0.8548491955926064,0.9009512810568535,0.19644180874722017,4336.0,1060.0,1.0,603.0,0.998169787284179,0.9899528894721582,0.9784768211920529,0.9668874172185431
A,main_holdout,v8_semantic_main,main_only,0.0,0.1,0.901,0.5041876046901173,0.9966887417218543,0.6696329254727474,0.8057045239008513,0.9143803738454301,0.9434889223805714,0.10971089696071164,4804.0,592.0,2.0,602.0,0.998169787284179,0.9899528894721582,0.9784768211920529,0.9668874172185431
A,main_holdout,v8_semantic_main,main_only,0.0,0.15,0.9323333333333333,0.599,0.9917218543046358,0.7468827930174564,0.8539146554544765,0.9393974362541767,0.9587037737053201,0.07431430689399555,4995.0,401.0,5.0,599.0,0.998169787284179,0.9899528894721582,0.9784768211920529,0.9668874172185431
A,main_holdout,v8_semantic_main,main_only,0.0,0.2,0.949,0.6659242761692651,0.9900662251655629,0.796271637816245,0.8835616142977205,0.9532772088475922,0.9672347434204389,0.05559673832468495,5096.0,300.0,6.0,598.0,0.998169787284179,0.9899528894721582,0.9784768211920529,0.9668874172185431
A,main_holdout,v8_semantic_main,main_only,0.0,0.25,0.96,0.71875,0.9900662251655629,0.8328690807799443,0.9050752068042092,0.9627438327889221,0.9733503846361543,0.04336545589325426,5162.0,234.0,6.0,598.0,0.998169787284179,0.9899528894721582,0.9784768211920529,0.9668874172185431
A,main_holdout,v8_semantic_main,main_only,0.0,0.3,0.9701666666666666,0.776332899869961,0.9884105960264901,0.8696285506190823,0.926392331204902,0.9717276706327767,0.9782675663601688,0.03187546330615271,5224.0,172.0,7.0,597.0,0.998169787284179,0.9899528894721582,0.9784768211920529,0.9668874172185431
A,main_holdout,v8_semantic_main,main_only,0.0,0.35,0.975,0.8084239130434783,0.9850993377483444,0.8880597014925373,0.9369942034667189,0.9760765590434319,0.9794844353678712,0.026130467012601927,5255.0,141.0,9.0,595.0,0.998169787284179,0.9899528894721582,0.9784768211920529,0.9668874172185431
A,main_holdout,v8_semantic_main,main_only,0.0,0.4,0.9795,0.8401697312588402,0.9834437086092715,0.9061784897025171,0.9473356664061281,0.980206531533412,0.9812511352534867,0.020941438102298,5283.0,113.0,10.0,594.0,0.998169787284179,0.9899528894721582,0.9784768211920529,0.9668874172185431
A,main_holdout,v8_semantic_main,main_only,0.0,0.45,0.9833333333333333,0.868421052631579,0.9834437086092715,0.922360248447205,0.9565124617889498,0.9837886961778898,0.983382343555933,0.016679021497405487,5306.0,90.0,10.0,594.0,0.998169787284179,0.9899528894721582,0.9784768211920529,0.9668874172185431
A,main_holdout,v8_semantic_main,main_only,0.0,0.5,0.9863333333333333,0.8954545454545455,0.9784768211920529,0.935126582278481,0.9637443641645758,0.986600432630937,0.9828447856886877,0.01278724981467754,5327.0,69.0,13.0,591.0,0.998169787284179,0.9899528894721582,0.9784768211920529,0.9668874172185431
A,main_holdout,v8_semantic_main,main_only,0.0,0.55,0.9881666666666666,0.9119010819165378,0.9768211920529801,0.9432454036770583,0.9683200690354777,0.9883463684350686,0.9831289058856449,0.01056338028169014,5339.0,57.0,14.0,590.0,0.998169787284179,0.9899528894721582,0.9784768211920529,0.9668874172185431
A,main_holdout,v8_semantic_main,main_only,0.0,0.6,0.9896666666666667,0.9261006289308176,0.9751655629139073,0.95,0.9721189591078067,0.989784634448575,0.98322770362152,0.008710155670867309,5349.0,47.0,15.0,589.0,0.998169787284179,0.9899528894721582,0.9784768211920529,0.9668874172185431
A,main_holdout,v8_semantic_main,main_only,0.0,0.65,0.99,0.9358974358974359,0.9668874172185431,0.9511400651465798,0.9727850344299553,0.9900721498976113,0.9797372593876259,0.007412898443291327,5356.0,40.0,20.0,584.0,0.998169787284179,0.9899528894721582,0.9784768211920529,0.9668874172185431
A,main_holdout,v8_semantic_main,main_only,0.0,0.7,0.9916666666666667,0.9511400651465798,0.9668874172185431,0.9589490968801314,0.9771558691597837,0.9916970112871327,0.9806638716930374,0.005559673832468495,5366.0,30.0,20.0,584.0,0.998169787284179,0.9899528894721582,0.9784768211920529,0.9668874172185431
A,main_holdout,v8_semantic_main,main_only,0.0,0.75,0.9923333333333333,0.9619205298013245,0.9619205298013245,0.9619205298013245,0.9788290565982161,0.9923333333333333,0.9788290565982161,0.004262416604892513,5373.0,23.0,23.0,581.0,0.998169787284179,0.9899528894721582,0.9784768211920529,0.9668874172185431
A,main_holdout,v8_semantic_main,main_only,0.0,0.8,0.9911666666666666,0.9725557461406518,0.9387417218543046,0.9553496208930076,0.9752240567241326,0.9910971061412577,0.967888281238494,0.0029651593773165306,5380.0,16.0,37.0,567.0,0.998169787284179,0.9899528894721582,0.9784768211920529,0.9668874172185431
A,main_holdout,v8_semantic_main,main_only,0.0,0.85,0.9901666666666666,0.9789103690685413,0.9221854304635762,0.9497016197783461,0.972126140082209,0.9900358569648942,0.9599807804652944,0.002223869532987398,5384.0,12.0,47.0,557.0,0.998169787284179,0.9899528894721582,0.9784768211920529,0.9668874172185431
A,main_holdout,v8_semantic_main,main_only,0.0,0.9,0.9878333333333333,0.9907578558225508,0.8874172185430463,0.9362445414847161,0.9647597649846427,0.987533923486584,0.9432453031188175,0.0009266123054114158,5391.0,5.0,68.0,536.0,0.998169787284179,0.9899528894721582,0.9784768211920529,0.9668874172185431
A,main_holdout,v8_semantic_main,main_only,0.0,0.95,0.9805,0.9979550102249489,0.8079470198675497,0.8929551692589204,0.941114056619925,0.979576954658914,0.9038808487032337,0.00018532246108228317,5395.0,1.0,116.0,488.0,0.998169787284179,0.9899528894721582,0.9784768211920529,0.9668874172185431
A,main_holdout,v8_semantic_main,main_only,0.0,1.0,0.8993333333333333,0.0,0.0,0.0,0.4734994734994735,0.8516677196677197,0.5,0.0,5396.0,0.0,604.0,0.0,0.998169787284179,0.9899528894721582,0.9784768211920529,0.9668874172185431
A,main_holdout,v8_semantic_multisource,main_plus_external_adapt,0.0,-0.2,0.10066666666666667,0.10066666666666667,1.0,0.18291944276196245,0.09145972138098123,0.018413890571370887,0.5,1.0,0.0,5396.0,0.0,604.0,0.9931363187840883,0.9531321995631641,0.8509933774834437,0.7483443708609272
A,main_holdout,v8_semantic_multisource,main_plus_external_adapt,0.0,-0.15,0.10066666666666667,0.10066666666666667,1.0,0.18291944276196245,0.09145972138098123,0.018413890571370887,0.5,1.0,0.0,5396.0,0.0,604.0,0.9931363187840883,0.9531321995631641,0.8509933774834437,0.7483443708609272
A,main_holdout,v8_semantic_multisource,main_plus_external_adapt,0.0,-0.1,0.10066666666666667,0.10066666666666667,1.0,0.18291944276196245,0.09145972138098123,0.018413890571370887,0.5,1.0,0.0,5396.0,0.0,604.0,0.9931363187840883,0.9531321995631641,0.8509933774834437,0.7483443708609272
A,main_holdout,v8_semantic_multisource,main_plus_external_adapt,0.0,-0.05,0.10066666666666667,0.10066666666666667,1.0,0.18291944276196245,0.09145972138098123,0.018413890571370887,0.5,1.0,0.0,5396.0,0.0,604.0,0.9931363187840883,0.9531321995631641,0.8509933774834437,0.7483443708609272
A,main_holdout,v8_semantic_multisource,main_plus_external_adapt,0.0,0.0,0.10066666666666667,0.10066666666666667,1.0,0.18291944276196245,0.09145972138098123,0.018413890571370887,0.5,1.0,0.0,5396.0,0.0,604.0,0.9931363187840883,0.9531321995631641,0.8509933774834437,0.7483443708609272
A,main_holdout,v8_semantic_multisource,main_plus_external_adapt,0.0,0.05,0.6965,0.24886504333470905,0.9983443708609272,0.398414271555996,0.5977360558716122,0.7569277209450176,0.8305287458455859,0.33728687916975536,3576.0,1820.0,1.0,603.0,0.9931363187840883,0.9531321995631641,0.8509933774834437,0.7483443708609272
A,main_holdout,v8_semantic_multisource,main_plus_external_adapt,0.0,0.1,0.8041666666666667,0.3391549295774648,0.9966887417218543,0.5060949978982766,0.6919831605227793,0.8404458397388821,0.8896527474361681,0.21738324684951815,4223.0,1173.0,2.0,602.0,0.9931363187840883,0.9531321995631641,0.8509933774834437,0.7483443708609272
A,main_holdout,v8_semantic_multisource,main_plus_external_adapt,0.0,0.15,0.8543333333333333,0.4084124830393487,0.9966887417218543,0.5794032723772858,0.7456580965796931,0.8784402828426825,0.9175437778290516,0.16160118606375093,4524.0,872.0,2.0,602.0,0.9931363187840883,0.9531321995631641,0.8509933774834437,0.7483443708609272
A,main_holdout,v8_semantic_multisource,main_plus_external_adapt,0.0,0.2,0.8856666666666667,0.46796875,0.9917218543046358,0.6358811040339702,0.7840338695337902,0.9023585449129797,0.9327586291538005,0.12620459599703485,4715.0,681.0,5.0,599.0,0.9931363187840883,0.9531321995631641,0.8509933774834437,0.7483443708609272
A,main_holdout,v8_semantic_multisource,main_plus_external_adapt,0.0,0.25,0.907,0.5199652777777778,0.9917218543046358,0.6822323462414579,0.8138807182202994,0.9190238846407344,0.9446192666630666,0.1024833209785026,4843.0,553.0,5.0,599.0,0.9931363187840883,0.9531321995631641,0.8509933774834437,0.7483443708609272
A,main_holdout,v8_semantic_multisource,main_plus_external_adapt,0.0,0.3,0.9236666666666666,0.5696564885496184,0.9884105960264901,0.7227602905569007,0.8392502651083692,0.9322869247834754,0.9524150830391902,0.08358042994810971,4945.0,451.0,7.0,597.0,0.9931363187840883,0.9531321995631641,0.8509933774834437,0.7483443708609272
A,main_holdout,v8_semantic_multisource,main_plus_external_adapt,0.0,0.35,0.9355,0.6115107913669064,0.9850993377483444,0.7545973367152822,0.8587339557029352,0.9419044020677406,0.9575237237296206,0.07005189028910304,5018.0,378.0,9.0,595.0,0.9931363187840883,0.9531321995631641,0.8509933774834437,0.7483443708609272
A,main_holdout,v8_semantic_multisource,main_plus_external_adapt,0.0,0.4,0.9446666666666667,0.6491228070175439,0.9801324503311258,0.7810026385224275,0.8746676679830756,0.9494748048456466,0.9604146313923976,0.05930318754633061,5076.0,320.0,12.0,592.0,0.9931363187840883,0.9531321995631641,0.8509933774834437,0.7483443708609272
A,main_holdout,v8_semantic_multisource,main_plus_external_adapt,0.0,0.45,0.9518333333333333,0.6816608996539792,0.9784768211920529,0.8035350101971448,0.8880435047186692,0.9555376223431936,0.9636639109666714,0.05114899925871016,5120.0,276.0,13.0,591.0,0.9931363187840883,0.9531321995631641,0.8509933774834437,0.7483443708609272
A,main_holdout,v8_semantic_multisource,main_plus_external_adapt,0.0,0.5,0.9585,0.7161997563946407,0.9735099337748344,0.8252631578947368,0.9008585293019784,0.9612340325992286,0.9651649001713312,0.04318013343217198,5163.0,233.0,16.0,588.0,0.9931363187840883,0.9531321995631641,0.8509933774834437,0.7483443708609272
A,main_holdout,v8_semantic_multisource,main_plus_external_adapt,0.0,0.55,0.966,0.7590673575129534,0.9701986754966887,0.8517441860465116,0.916271189408798,0.9678067560941441,0.967864348867692,0.03446997776130467,5210.0,186.0,18.0,586.0,0.9931363187840883,0.9531321995631641,0.8509933774834437,0.7483443708609272
A,main_holdout,v8_semantic_multisource,main_plus_external_adapt,0.0,0.6,0.97,0.7864864864864864,0.9635761589403974,0.8660714285714286,0.9245897683397684,0.9713264157014158,0.9671476050446983,0.02928094885100074,5238.0,158.0,22.0,582.0,0.9931363187840883,0.9531321995631641,0.8509933774834437,0.7483443708609272
A,main_holdout,v8_semantic_multisource,main_plus_external_adapt,0.0,0.65,0.9716666666666667,0.8013888888888889,0.9552980132450332,0.8716012084592145,0.9278388207901168,0.9727539271717308,0.9643984506551333,0.026501111934766494,5253.0,143.0,27.0,577.0,0.9931363187840883,0.9531321995631641,0.8509933774834437,0.7483443708609272
A,main_holdout,v8_semantic_multisource,main_plus_external_adapt,0.0,0.7,0.9738333333333333,0.8291605301914581,0.9321192052980133,0.877630553390491,0.9314904656473777,0.9745065822365445,0.9553108999062343,0.021497405485544848,5280.0,116.0,41.0,563.0,0.9931363187840883,0.9531321995631641,0.8509933774834437,0.7483443708609272
A,main_holdout,v8_semantic_multisource,main_plus_external_adapt,0.0,0.75,0.9741666666666666,0.8427480916030534,0.9139072847682119,0.8768864177918984,0.9312278658180235,0.9746285689748888,0.9474095356383684,0.019088213491475166,5293.0,103.0,52.0,552.0,0.9931363187840883,0.9531321995631641,0.8509933774834437,0.7483443708609272
A,main_holdout,v8_semantic_multisource,main_plus_external_adapt,0.0,0.8,0.9766666666666667,0.8766233766233766,0.8940397350993378,0.8852459016393442,0.9361294443261656,0.9767684337520403,0.9399776140285421,0.014084507042253521,5320.0,76.0,64.0,540.0,0.9931363187840883,0.9531321995631641,0.8509933774834437,0.7483443708609272
A,main_holdout,v8_semantic_multisource,main_plus_external_adapt,0.0,0.85,0.9748333333333333,0.9066427289048474,0.8360927152317881,0.8699397071490095,0.9280042663432103,0.974378494286312,0.9132279736277547,0.009636767976278725,5344.0,52.0,99.0,505.0,0.9931363187840883,0.9531321995631641,0.8509933774834437,0.7483443708609272
A,main_holdout,v8_semantic_multisource,main_plus_external_adapt,0.0,0.9,0.971,0.9423868312757202,0.7582781456953642,0.8403669724770643,0.9122091507664881,0.9695871038269746,0.8765445583925302,0.005189028910303929,5368.0,28.0,146.0,458.0,0.9931363187840883,0.9531321995631641,0.8509933774834437,0.7483443708609272
A,main_holdout,v8_semantic_multisource,main_plus_external_adapt,0.0,0.95,0.9598333333333333,0.9738903394255874,0.6175496688741722,0.7558257345491388,0.8669712528189261,0.9557394734103961,0.8078482221316747,0.0018532246108228317,5386.0,10.0,231.0,373.0,0.9931363187840883,0.9531321995631641,0.8509933774834437,0.7483443708609272
A,main_holdout,v8_semantic_multisource,main_plus_external_adapt,0.0,1.0,0.8993333333333333,0.0,0.0,0.0,0.4734994734994735,0.8516677196677197,0.5,0.0,5396.0,0.0,604.0,0.0,0.9931363187840883,0.9531321995631641,0.8509933774834437,0.7483443708609272
B,fbs_mixed_holdout,v8_semantic_main,main_only,0.0,-0.2,0.5,0.5,1.0,0.6666666666666666,0.3333333333333333,0.3333333333333333,0.5,1.0,0.0,3500.0,0.0,3500.0,0.9637791020408164,0.9627171447899266,0.9228571428571428,0.8437142857142857
B,fbs_mixed_holdout,v8_semantic_main,main_only,0.0,-0.15,0.5,0.5,1.0,0.6666666666666666,0.3333333333333333,0.3333333333333333,0.5,1.0,0.0,3500.0,0.0,3500.0,0.9637791020408164,0.9627171447899266,0.9228571428571428,0.8437142857142857
B,fbs_mixed_holdout,v8_semantic_main,main_only,0.0,-0.1,0.5,0.5,1.0,0.6666666666666666,0.3333333333333333,0.3333333333333333,0.5,1.0,0.0,3500.0,0.0,3500.0,0.9637791020408164,0.9627171447899266,0.9228571428571428,0.8437142857142857
B,fbs_mixed_holdout,v8_semantic_main,main_only,0.0,-0.05,0.5,0.5,1.0,0.6666666666666666,0.3333333333333333,0.3333333333333333,0.5,1.0,0.0,3500.0,0.0,3500.0,0.9637791020408164,0.9627171447899266,0.9228571428571428,0.8437142857142857
B,fbs_mixed_holdout,v8_semantic_main,main_only,0.0,0.0,0.5,0.5,1.0,0.6666666666666666,0.3333333333333333,0.3333333333333333,0.5,1.0,0.0,3500.0,0.0,3500.0,0.9637791020408164,0.9627171447899266,0.9228571428571428,0.8437142857142857
B,fbs_mixed_holdout,v8_semantic_main,main_only,0.0,0.05,0.8845714285714286,0.838360985419809,0.9528571428571428,0.8919497191762503,0.8840306706890144,0.8840306706890145,0.8845714285714286,0.18371428571428572,2857.0,643.0,165.0,3335.0,0.9637791020408164,0.9627171447899266,0.9228571428571428,0.8437142857142857
B,fbs_mixed_holdout,v8_semantic_main,main_only,0.0,0.1,0.911,0.9026028547439127,0.9214285714285714,0.911918563551534,0.910990319743141,0.910990319743141,0.911,0.09942857142857142,3152.0,348.0,275.0,3225.0,0.9637791020408164,0.9627171447899266,0.9228571428571428,0.8437142857142857
B,fbs_mixed_holdout,v8_semantic_main,main_only,0.0,0.15,0.9121428571428571,0.9317569589943131,0.8894285714285715,0.9101008624470107,0.9120975048371385,0.9120975048371386,0.9121428571428571,0.06514285714285714,3272.0,228.0,387.0,3113.0,0.9637791020408164,0.9627171447899266,0.9228571428571428,0.8437142857142857
B,fbs_mixed_holdout,v8_semantic_main,main_only,0.0,0.2,0.9032857142857142,0.946253556749921,0.8551428571428571,0.8983941167642203,0.9030610354844681,0.9030610354844681,0.9032857142857142,0.04857142857142857,3330.0,170.0,507.0,2993.0,0.9637791020408164,0.9627171447899266,0.9228571428571428,0.8437142857142857
B,fbs_mixed_holdout,v8_semantic_main,main_only,0.0,0.25,0.8905714285714286,0.9578030810448761,0.8171428571428572,0.8818994757940178,0.8899782180673577,0.8899782180673577,0.8905714285714286,0.036,3374.0,126.0,640.0,2860.0,0.9637791020408164,0.9627171447899266,0.9228571428571428,0.8437142857142857
B,fbs_mixed_holdout,v8_semantic_main,main_only,0.0,0.3,0.8767142857142857,0.9670563230605739,0.78,0.8635141546734145,0.8755502257019541,0.8755502257019541,0.8767142857142858,0.026571428571428572,3407.0,93.0,770.0,2730.0,0.9637791020408164,0.9627171447899266,0.9228571428571428,0.8437142857142857
B,fbs_mixed_holdout,v8_semantic_main,main_only,0.0,0.35,0.8565714285714285,0.9720121028744326,0.7342857142857143,0.8365885416666666,0.8543940671673456,0.8543940671673456,0.8565714285714285,0.021142857142857144,3426.0,74.0,930.0,2570.0,0.9637791020408164,0.9627171447899266,0.9228571428571428,0.8437142857142857
B,fbs_mixed_holdout,v8_semantic_main,main_only,0.0,0.4,0.8385714285714285,0.9778225806451613,0.6928571428571428,0.8110367892976589,0.8350695168433431,0.8350695168433431,0.8385714285714285,0.015714285714285715,3445.0,55.0,1075.0,2425.0,0.9637791020408164,0.9627171447899266,0.9228571428571428,0.8437142857142857
B,fbs_mixed_holdout,v8_semantic_main,main_only,0.0,0.45,0.8164285714285714,0.9800606848721283,0.646,0.7787153435508869,0.8109370688217025,0.8109370688217026,0.8164285714285715,0.013142857142857144,3454.0,46.0,1239.0,2261.0,0.9637791020408164,0.9627171447899266,0.9228571428571428,0.8437142857142857
B,fbs_mixed_holdout,v8_semantic_main,main_only,0.0,0.5,0.7917142857142857,0.9816037735849057,0.5945714285714285,0.7405693950177936,0.7832918574134314,0.7832918574134315,0.7917142857142857,0.011142857142857144,3461.0,39.0,1419.0,2081.0,0.9637791020408164,0.9627171447899266,0.9228571428571428,0.8437142857142857
B,fbs_mixed_holdout,v8_semantic_main,main_only,0.0,0.55,0.7654285714285715,0.9848643006263048,0.5391428571428571,0.696824224519941,0.752769055410017,0.7527690554100169,0.7654285714285713,0.008285714285714285,3471.0,29.0,1613.0,1887.0,0.9637791020408164,0.9627171447899266,0.9228571428571428,0.8437142857142857
B,fbs_mixed_holdout,v8_semantic_main,main_only,0.0,0.6,0.7364285714285714,0.9859072225484439,0.4797142857142857,0.6453968864116856,0.7178331482189154,0.7178331482189153,0.7364285714285714,0.006857142857142857,3476.0,24.0,1821.0,1679.0,0.9637791020408164,0.9627171447899266,0.9228571428571428,0.8437142857142857
B,fbs_mixed_holdout,v8_semantic_main,main_only,0.0,0.65,0.7088571428571429,0.9886363636363636,0.4225714285714286,0.5920736589271417,0.682864905874055,0.6828649058740551,0.7088571428571429,0.004857142857142857,3483.0,17.0,2021.0,1479.0,0.9637791020408164,0.9627171447899266,0.9228571428571428,0.8437142857142857
B,fbs_mixed_holdout,v8_semantic_main,main_only,0.0,0.7,0.6767142857142857,0.9881610102604578,0.3577142857142857,0.525277952590728,0.6400894257700742,0.6400894257700742,0.6767142857142857,0.004285714285714286,3485.0,15.0,2248.0,1252.0,0.9637791020408164,0.9627171447899266,0.9228571428571428,0.8437142857142857
B,fbs_mixed_holdout,v8_semantic_main,main_only,0.0,0.75,0.6448571428571429,0.9875,0.2934285714285714,0.4524229074889868,0.5948161049072841,0.5948161049072841,0.6448571428571429,0.0037142857142857142,3487.0,13.0,2473.0,1027.0,0.9637791020408164,0.9627171447899266,0.9228571428571428,0.8437142857142857
B,fbs_mixed_holdout,v8_semantic_main,main_only,0.0,0.8,0.6155714285714285,0.98676293622142,0.2342857142857143,0.378665435234357,0.5501766518399523,0.5501766518399523,0.6155714285714285,0.003142857142857143,3489.0,11.0,2680.0,820.0,0.9637791020408164,0.9627171447899266,0.9228571428571428,0.8437142857142857
B,fbs_mixed_holdout,v8_semantic_main,main_only,0.0,0.85,0.5802857142857143,0.9844827586206897,0.16314285714285715,0.27990196078431373,0.49186630297280204,0.491866302972802,0.5802857142857143,0.0025714285714285713,3491.0,9.0,2929.0,571.0,0.9637791020408164,0.9627171447899266,0.9228571428571428,0.8437142857142857
B,fbs_mixed_holdout,v8_semantic_main,main_only,0.0,0.9,0.5452857142857143,0.9847094801223242,0.092,0.16827802456232036,0.42769548529796936,0.42769548529796936,0.5452857142857143,0.0014285714285714286,3495.0,5.0,3178.0,322.0,0.9637791020408164,0.9627171447899266,0.9228571428571428,0.8437142857142857
B,fbs_mixed_holdout,v8_semantic_main,main_only,0.0,0.95,0.5134285714285715,0.9795918367346939,0.027428571428571427,0.05336297943301834,0.36296297404644573,0.3629629740464457,0.5134285714285715,0.0005714285714285715,3498.0,2.0,3404.0,96.0,0.9637791020408164,0.9627171447899266,0.9228571428571428,0.8437142857142857
B,fbs_mixed_holdout,v8_semantic_main,main_only,0.0,1.0,0.5,0.0,0.0,0.0,0.3333333333333333,0.3333333333333333,0.5,0.0,3500.0,0.0,3500.0,0.0,0.9637791020408164,0.9627171447899266,0.9228571428571428,0.8437142857142857
C,fbs_mixed_holdout,v8_semantic_multisource,main_plus_external_adapt,0.0,-0.2,0.5,0.5,1.0,0.6666666666666666,0.3333333333333333,0.3333333333333333,0.5,1.0,0.0,3500.0,0.0,3500.0,0.994062448979592,0.9941274080654213,0.9894285714285714,0.9805714285714285
C,fbs_mixed_holdout,v8_semantic_multisource,main_plus_external_adapt,0.0,-0.15,0.5,0.5,1.0,0.6666666666666666,0.3333333333333333,0.3333333333333333,0.5,1.0,0.0,3500.0,0.0,3500.0,0.994062448979592,0.9941274080654213,0.9894285714285714,0.9805714285714285
C,fbs_mixed_holdout,v8_semantic_multisource,main_plus_external_adapt,0.0,-0.1,0.5,0.5,1.0,0.6666666666666666,0.3333333333333333,0.3333333333333333,0.5,1.0,0.0,3500.0,0.0,3500.0,0.994062448979592,0.9941274080654213,0.9894285714285714,0.9805714285714285
C,fbs_mixed_holdout,v8_semantic_multisource,main_plus_external_adapt,0.0,-0.05,0.5,0.5,1.0,0.6666666666666666,0.3333333333333333,0.3333333333333333,0.5,1.0,0.0,3500.0,0.0,3500.0,0.994062448979592,0.9941274080654213,0.9894285714285714,0.9805714285714285
C,fbs_mixed_holdout,v8_semantic_multisource,main_plus_external_adapt,0.0,0.0,0.5,0.5,1.0,0.6666666666666666,0.3333333333333333,0.3333333333333333,0.5,1.0,0.0,3500.0,0.0,3500.0,0.994062448979592,0.9941274080654213,0.9894285714285714,0.9805714285714285
C,fbs_mixed_holdout,v8_semantic_multisource,main_plus_external_adapt,0.0,0.05,0.8328571428571429,0.7503223033949291,0.9977142857142857,0.8565121412803532,0.8281876477869436,0.8281876477869435,0.8328571428571429,0.332,2338.0,1162.0,8.0,3492.0,0.994062448979592,0.9941274080654213,0.9894285714285714,0.9805714285714285
C,fbs_mixed_holdout,v8_semantic_multisource,main_plus_external_adapt,0.0,0.1,0.8877142857142857,0.8191439322671684,0.9951428571428571,0.8986068111455109,0.8864032775317823,0.8864032775317823,0.8877142857142857,0.21971428571428572,2731.0,769.0,17.0,3483.0,0.994062448979592,0.9941274080654213,0.9894285714285714,0.9805714285714285
C,fbs_mixed_holdout,v8_semantic_multisource,main_plus_external_adapt,0.0,0.15,0.9108571428571428,0.8524509803921568,0.9937142857142857,0.9176781002638522,0.9102409192908045,0.9102409192908045,0.9108571428571428,0.172,2898.0,602.0,22.0,3478.0,0.994062448979592,0.9941274080654213,0.9894285714285714,0.9805714285714285
C,fbs_mixed_holdout,v8_semantic_multisource,main_plus_external_adapt,0.0,0.2,0.9287142857142857,0.8811277622555245,0.9911428571428571,0.9329030523060374,0.9284353750026302,0.9284353750026302,0.9287142857142857,0.1337142857142857,3032.0,468.0,31.0,3469.0,0.994062448979592,0.9941274080654213,0.9894285714285714,0.9805714285714285
C,fbs_mixed_holdout,v8_semantic_multisource,main_plus_external_adapt,0.0,0.25,0.941,0.9022673964034402,0.9891428571428571,0.943709963200218,0.9408629359750152,0.9408629359750152,0.9410000000000001,0.10714285714285714,3125.0,375.0,38.0,3462.0,0.994062448979592,0.9941274080654213,0.9894285714285714,0.9805714285714285
C,fbs_mixed_holdout,v8_semantic_multisource,main_plus_external_adapt,0.0,0.3,0.9492857142857143,0.9174409344305814,0.9874285714285714,0.9511490298610156,0.94921182370817,0.94921182370817,0.9492857142857143,0.08885714285714286,3189.0,311.0,44.0,3456.0,0.994062448979592,0.9941274080654213,0.9894285714285714,0.9805714285714285
C,fbs_mixed_holdout,v8_semantic_multisource,main_plus_external_adapt,0.0,0.35,0.9565714285714285,0.9314254859611231,0.9857142857142858,0.9578012215435869,0.9565345130672613,0.9565345130672613,0.9565714285714286,0.07257142857142856,3246.0,254.0,50.0,3450.0,0.994062448979592,0.9941274080654213,0.9894285714285714,0.9805714285714285
C,fbs_mixed_holdout,v8_semantic_multisource,main_plus_external_adapt,0.0,0.4,0.9608571428571429,0.9414340448823207,0.9828571428571429,0.9616997483925077,0.9608381885403965,0.9608381885403965,0.9608571428571429,0.061142857142857145,3286.0,214.0,60.0,3440.0,0.994062448979592,0.9941274080654213,0.9894285714285714,0.9805714285714285
C,fbs_mixed_holdout,v8_semantic_multisource,main_plus_external_adapt,0.0,0.45,0.966,0.9538119087367836,0.9794285714285714,0.9664505215675219,0.9659938677921595,0.9659938677921595,0.966,0.04742857142857143,3334.0,166.0,72.0,3428.0,0.994062448979592,0.9941274080654213,0.9894285714285714,0.9805714285714285
C,fbs_mixed_holdout,v8_semantic_multisource,main_plus_external_adapt,0.0,0.5,0.9698571428571429,0.9638928067700987,0.9762857142857143,0.9700496806245564,0.9698558971059519,0.9698558971059518,0.9698571428571429,0.036571428571428574,3372.0,128.0,83.0,3417.0,0.994062448979592,0.9941274080654213,0.9894285714285714,0.9805714285714285
C,fbs_mixed_holdout,v8_semantic_multisource,main_plus_external_adapt,0.0,0.55,0.971,0.9681908548707754,0.974,0.9710867397806581,0.970999738997651,0.970999738997651,0.971,0.032,3388.0,112.0,91.0,3409.0,0.994062448979592,0.9941274080654213,0.9894285714285714,0.9805714285714285
C,fbs_mixed_holdout,v8_semantic_multisource,main_plus_external_adapt,0.0,0.6,0.9711428571428572,0.9730349971313826,0.9691428571428572,0.9710850271972516,0.971142741713824,0.971142741713824,0.9711428571428572,0.026857142857142857,3406.0,94.0,108.0,3392.0,0.994062448979592,0.9941274080654213,0.9894285714285714,0.9805714285714285
C,fbs_mixed_holdout,v8_semantic_multisource,main_plus_external_adapt,0.0,0.65,0.9708571428571429,0.9771279675738275,0.9642857142857143,0.9706643658326143,0.9708558843071672,0.9708558843071672,0.9708571428571429,0.022571428571428572,3421.0,79.0,125.0,3375.0,0.994062448979592,0.9941274080654213,0.9894285714285714,0.9805714285714285
C,fbs_mixed_holdout,v8_semantic_multisource,main_plus_external_adapt,0.0,0.7,0.9694285714285714,0.9826674500587544,0.9557142857142857,0.9690034762456546,0.9694228204227147,0.9694228204227145,0.9694285714285714,0.01685714285714286,3441.0,59.0,155.0,3345.0,0.994062448979592,0.9941274080654213,0.9894285714285714,0.9805714285714285
C,fbs_mixed_holdout,v8_semantic_multisource,main_plus_external_adapt,0.0,0.75,0.967,0.987764846314533,0.9457142857142857,0.9662822945555394,0.9669850415287139,0.9669850415287139,0.9670000000000001,0.011714285714285714,3459.0,41.0,190.0,3310.0,0.994062448979592,0.9941274080654213,0.9894285714285714,0.9805714285714285
C,fbs_mixed_holdout,v8_semantic_multisource,main_plus_external_adapt,0.0,0.8,0.9607142857142857,0.989080982711556,0.9317142857142857,0.9595409739590997,0.9606812186191445,0.9606812186191445,0.9607142857142857,0.010285714285714285,3464.0,36.0,239.0,3261.0,0.994062448979592,0.9941274080654213,0.9894285714285714,0.9805714285714285
C,fbs_mixed_holdout,v8_semantic_multisource,main_plus_external_adapt,0.0,0.85,0.9475714285714286,0.9902973395931143,0.904,0.9451829723674384,0.9474717052117823,0.9474717052117823,0.9475714285714285,0.008857142857142857,3469.0,31.0,336.0,3164.0,0.994062448979592,0.9941274080654213,0.9894285714285714,0.9805714285714285
C,fbs_mixed_holdout,v8_semantic_multisource,main_plus_external_adapt,0.0,0.9,0.9222857142857143,0.994314381270903,0.8494285714285714,0.9161787365177195,0.9218709927595256,0.9218709927595257,0.9222857142857143,0.004857142857142857,3483.0,17.0,527.0,2973.0,0.994062448979592,0.9941274080654213,0.9894285714285714,0.9805714285714285
C,fbs_mixed_holdout,v8_semantic_multisource,main_plus_external_adapt,0.0,0.95,0.8574285714285714,0.9968228752978554,0.7171428571428572,0.8341641741442339,0.854566426836587,0.8545664268365869,0.8574285714285714,0.002285714285714286,3492.0,8.0,990.0,2510.0,0.994062448979592,0.9941274080654213,0.9894285714285714,0.9805714285714285
C,fbs_mixed_holdout,v8_semantic_multisource,main_plus_external_adapt,0.0,1.0,0.5,0.0,0.0,0.0,0.3333333333333333,0.3333333333333333,0.5,0.0,3500.0,0.0,3500.0,0.0,0.994062448979592,0.9941274080654213,0.9894285714285714,0.9805714285714285
B,hf_chinese_spam_10000_holdout,v8_semantic_main,main_only,0.0,-0.2,0.5012214398620491,0.5012214398620491,1.0,0.6677515076098401,0.3338757538049201,0.33469137211425815,0.5,1.0,0.0,3471.0,0.0,3488.0,0.5076558737666484,0.4949877888738203,0.0005733944954128441,0.0005733944954128441
B,hf_chinese_spam_10000_holdout,v8_semantic_main,main_only,0.0,-0.15,0.5012214398620491,0.5012214398620491,1.0,0.6677515076098401,0.3338757538049201,0.33469137211425815,0.5,1.0,0.0,3471.0,0.0,3488.0,0.5076558737666484,0.4949877888738203,0.0005733944954128441,0.0005733944954128441
B,hf_chinese_spam_10000_holdout,v8_semantic_main,main_only,0.0,-0.1,0.5012214398620491,0.5012214398620491,1.0,0.6677515076098401,0.3338757538049201,0.33469137211425815,0.5,1.0,0.0,3471.0,0.0,3488.0,0.5076558737666484,0.4949877888738203,0.0005733944954128441,0.0005733944954128441
B,hf_chinese_spam_10000_holdout,v8_semantic_main,main_only,0.0,-0.05,0.5012214398620491,0.5012214398620491,1.0,0.6677515076098401,0.3338757538049201,0.33469137211425815,0.5,1.0,0.0,3471.0,0.0,3488.0,0.5076558737666484,0.4949877888738203,0.0005733944954128441,0.0005733944954128441
B,hf_chinese_spam_10000_holdout,v8_semantic_main,main_only,0.0,0.0,0.5012214398620491,0.5012214398620491,1.0,0.6677515076098401,0.3338757538049201,0.33469137211425815,0.5,1.0,0.0,3471.0,0.0,3488.0,0.5076558737666484,0.4949877888738203,0.0005733944954128441,0.0005733944954128441
B,hf_chinese_spam_10000_holdout,v8_semantic_main,main_only,0.0,0.05,0.5039517172007473,0.5068545316070069,0.38159403669724773,0.43539417729800456,0.4965284571779618,0.49637911348519576,0.5042513542748699,0.37309132814750795,2176.0,1295.0,2157.0,1331.0,0.5076558737666484,0.4949877888738203,0.0005733944954128441,0.0005733944954128441
B,hf_chinese_spam_10000_holdout,v8_semantic_main,main_only,0.0,0.1,0.49906595775255064,0.5006702412868632,0.21416284403669725,0.3,0.4549899306332513,0.4546113088742679,0.4997636461612469,0.2146355517142034,2726.0,745.0,2741.0,747.0,0.5076558737666484,0.4949877888738203,0.0005733944954128441,0.0005733944954128441
B,hf_chinese_spam_10000_holdout,v8_semantic_main,main_only,0.0,0.15,0.488575944819658,0.46282722513089003,0.12672018348623854,0.19896466351564257,0.411672305372597,0.4111526861871439,0.4894620796428599,0.14779602420051857,2958.0,513.0,3046.0,442.0,0.5076558737666484,0.4949877888738203,0.0005733944954128441,0.0005733944954128441
B,hf_chinese_spam_10000_holdout,v8_semantic_main,main_only,0.0,0.2,0.4865641615174594,0.43410852713178294,0.08027522935779817,0.13549479796757802,0.38517202851879156,0.384562097074709,0.4875591070442117,0.10515701526937482,3106.0,365.0,3208.0,280.0,0.5076558737666484,0.4949877888738203,0.0005733944954128441,0.0005733944954128441
B,hf_chinese_spam_10000_holdout,v8_semantic_main,main_only,0.0,0.25,0.4861330650955597,0.40350877192982454,0.052752293577981654,0.09330628803245436,0.3673870521774463,0.3667175058359512,0.48719435479821005,0.07836358398156151,3199.0,272.0,3304.0,184.0,0.5076558737666484,0.4949877888738203,0.0005733944954128441,0.0005733944954128441
B,hf_chinese_spam_10000_holdout,v8_semantic_main,main_only,0.0,0.3,0.4869952579393591,0.3808139534883721,0.03755733944954128,0.06837160751565761,0.3572078144657408,0.356502222352197,0.488095869379049,0.06136560069144339,3258.0,213.0,3357.0,131.0,0.5076558737666484,0.4949877888738203,0.0005733944954128441,0.0005733944954128441
B,hf_chinese_spam_10000_holdout,v8_semantic_main,main_only,0.0,0.35,0.4903003305072568,0.39114391143911437,0.030389908256880736,0.05639797818568768,0.3536247199718674,0.3528986307908981,0.49142658766344466,0.04753673292999136,3306.0,165.0,3382.0,106.0,0.5076558737666484,0.4949877888738203,0.0005733944954128441,0.0005733944954128441
B,hf_chinese_spam_10000_holdout,v8_semantic_main,main_only,0.0,0.4,0.49259951142405517,0.39086294416243655,0.022075688073394495,0.041791044776119404,0.3483654725493027,0.3476165480957686,0.49375175933488225,0.03457216940363008,3351.0,120.0,3411.0,77.0,0.5076558737666484,0.4949877888738203,0.0005733944954128441,0.0005733944954128441
B,hf_chinese_spam_10000_holdout,v8_semantic_main,main_only,0.0,0.45,0.49576088518465294,0.4233576642335766,0.016628440366972478,0.032,0.34554435052948607,0.344778399392972,0.496934214421458,0.02276001152405647,3392.0,79.0,3430.0,58.0,0.5076558737666484,0.4949877888738203,0.0005733944954128441,0.0005733944954128441
B,hf_chinese_spam_10000_holdout,v8_semantic_main,main_only,0.0,0.5,0.4969104756430522,0.4329896907216495,0.012041284403669725,0.023430962343096235,0.34230679056862545,0.34152781527334825,0.4980978533801696,0.01584557764333045,3416.0,55.0,3446.0,42.0,0.5076558737666484,0.4949877888738203,0.0005733944954128441,0.0005733944954128441
B,hf_chinese_spam_10000_holdout,v8_semantic_main,main_only,0.0,0.55,0.49633568041385256,0.38666666666666666,0.008314220183486239,0.01627841706427168,0.3388972964123869,0.3381091772934161,0.497530777622714,0.013252664938058196,3425.0,46.0,3459.0,29.0,0.5076558737666484,0.4949877888738203,0.0005733944954128441,0.0005733944954128441
B,hf_chinese_spam_10000_holdout,v8_semantic_main,main_only,0.0,0.6,0.49719787325765197,0.4,0.006307339449541285,0.012418854078464579,0.3375829210151359,0.33678858430901093,0.4983999964317715,0.00950734658599827,3438.0,33.0,3466.0,22.0,0.5076558737666484,0.4949877888738203,0.0005733944954128441,0.0005733944954128441
B,hf_chinese_spam_10000_holdout,v8_semantic_main,main_only,0.0,0.65,0.49906595775255064,0.5294117647058824,0.005160550458715597,0.010221465076660987,0.33745009383113544,0.33665071364880667,0.5002754639357825,0.004609622587150677,3455.0,16.0,3470.0,18.0,0.5076558737666484,0.4949877888738203,0.0005733944954128441,0.0005733944954128441
B,hf_chinese_spam_10000_holdout,v8_semantic_main,main_only,0.0,0.7,0.4989222589452508,0.5172413793103449,0.0043004587155963305,0.008529997156667614,0.33663688589686086,0.3358353602310205,0.5001335194759198,0.004033419763756842,3457.0,14.0,3473.0,15.0,0.5076558737666484,0.4949877888738203,0.0005733944954128441,0.0005733944954128441
B,hf_chinese_spam_10000_holdout,v8_semantic_main,main_only,0.0,0.75,0.49877856013795085,0.5,0.0031536697247706424,0.0062678062678062675,0.33557049037448733,0.334766043524392,0.4999922770980523,0.0031691155286660906,3460.0,11.0,3477.0,11.0,0.5076558737666484,0.4949877888738203,0.0005733944954128441,0.0005733944954128441
B,hf_chinese_spam_10000_holdout,v8_semantic_main,main_only,0.0,0.8,0.49877856013795085,0.5,0.0017201834862385322,0.0034285714285714284,0.33431171324356196,0.33350340552537616,0.4999957875080285,0.001728608470181504,3465.0,6.0,3482.0,6.0,0.5076558737666484,0.4949877888738203,0.0005733944954128441,0.0005733944954128441
B,hf_chinese_spam_10000_holdout,v8_semantic_main,main_only,0.0,0.85,0.4989222589452508,0.6666666666666666,0.0005733944954128441,0.0011458034947006588,0.3333627741938833,0.332551208092161,0.500142646541858,0.0002881014116969173,3470.0,1.0,3486.0,2.0,0.5076558737666484,0.4949877888738203,0.0005733944954128441,0.0005733944954128441
B,hf_chinese_spam_10000_holdout,v8_semantic_main,main_only,0.0,0.9,0.49906595775255064,1.0,0.0005733944954128441,0.001146131805157593,0.33342692090833254,0.332615198905925,0.5002866972477065,0.0,3471.0,0.0,3486.0,2.0,0.5076558737666484,0.4949877888738203,0.0005733944954128441,0.0005733944954128441
B,hf_chinese_spam_10000_holdout,v8_semantic_main,main_only,0.0,0.95,0.49877856013795085,0.0,0.0,0.0,0.33279002876318314,0.3319770627495355,0.5,0.0,3471.0,0.0,3488.0,0.0,0.5076558737666484,0.4949877888738203,0.0005733944954128441,0.0005733944954128441
B,hf_chinese_spam_10000_holdout,v8_semantic_main,main_only,0.0,1.0,0.49877856013795085,0.0,0.0,0.0,0.33279002876318314,0.3319770627495355,0.5,0.0,3471.0,0.0,3488.0,0.0,0.5076558737666484,0.4949877888738203,0.0005733944954128441,0.0005733944954128441
C,hf_chinese_spam_10000_holdout,v8_semantic_multisource,main_plus_external_adapt,0.0,-0.2,0.5012214398620491,0.5012214398620491,1.0,0.6677515076098401,0.3338757538049201,0.33469137211425815,0.5,1.0,0.0,3471.0,0.0,3488.0,0.9196884688731535,0.9249558848758535,0.7895642201834863,0.676605504587156
C,hf_chinese_spam_10000_holdout,v8_semantic_multisource,main_plus_external_adapt,0.0,-0.15,0.5012214398620491,0.5012214398620491,1.0,0.6677515076098401,0.3338757538049201,0.33469137211425815,0.5,1.0,0.0,3471.0,0.0,3488.0,0.9196884688731535,0.9249558848758535,0.7895642201834863,0.676605504587156
C,hf_chinese_spam_10000_holdout,v8_semantic_multisource,main_plus_external_adapt,0.0,-0.1,0.5012214398620491,0.5012214398620491,1.0,0.6677515076098401,0.3338757538049201,0.33469137211425815,0.5,1.0,0.0,3471.0,0.0,3488.0,0.9196884688731535,0.9249558848758535,0.7895642201834863,0.676605504587156
C,hf_chinese_spam_10000_holdout,v8_semantic_multisource,main_plus_external_adapt,0.0,-0.05,0.5012214398620491,0.5012214398620491,1.0,0.6677515076098401,0.3338757538049201,0.33469137211425815,0.5,1.0,0.0,3471.0,0.0,3488.0,0.9196884688731535,0.9249558848758535,0.7895642201834863,0.676605504587156
C,hf_chinese_spam_10000_holdout,v8_semantic_multisource,main_plus_external_adapt,0.0,0.0,0.5012214398620491,0.5012214398620491,1.0,0.6677515076098401,0.3338757538049201,0.33469137211425815,0.5,1.0,0.0,3471.0,0.0,3488.0,0.9196884688731535,0.9249558848758535,0.7895642201834863,0.676605504587156
C,hf_chinese_spam_10000_holdout,v8_semantic_multisource,main_plus_external_adapt,0.0,0.05,0.6167552809311683,0.5677280976736512,0.9865252293577982,0.7207037386113729,0.5551332838170163,0.5555377525239431,0.6158497653559374,0.7548256986459234,851.0,2620.0,47.0,3441.0,0.9196884688731535,0.9249558848758535,0.7895642201834863,0.676605504587156
C,hf_chinese_spam_10000_holdout,v8_semantic_multisource,main_plus_external_adapt,0.0,0.1,0.6766776835752263,0.6116119725928597,0.9724770642201835,0.7509408899712199,0.6451264646416296,0.6453849565557843,0.6759533117125118,0.6205704407951599,1317.0,2154.0,96.0,3392.0,0.9196884688731535,0.9249558848758535,0.7895642201834863,0.676605504587156
C,hf_chinese_spam_10000_holdout,v8_semantic_multisource,main_plus_external_adapt,0.0,0.15,0.7196436269578963,0.649078564500485,0.9592889908256881,0.7742681939141501,0.7022051870044684,0.7023812282629056,0.7190567685329823,0.5211754537597234,1662.0,1809.0,142.0,3346.0,0.9196884688731535,0.9249558848758535,0.7895642201834863,0.676605504587156
C,hf_chinese_spam_10000_holdout,v8_semantic_multisource,main_plus_external_adapt,0.0,0.2,0.7532691478660727,0.6824644549763034,0.9495412844036697,0.7941493825680374,0.743138883502057,0.7432634960159414,0.7527885044893601,0.4439642754249496,1930.0,1541.0,176.0,3312.0,0.9196884688731535,0.9249558848758535,0.7895642201834863,0.676605504587156
C,hf_chinese_spam_10000_holdout,v8_semantic_multisource,main_plus_external_adapt,0.0,0.25,0.774249173731858,0.7077823542163452,0.9360665137614679,0.806073324280953,0.76800142060704,0.7680944256885829,0.7738529053970117,0.3883607029674445,2123.0,1348.0,223.0,3265.0,0.9196884688731535,0.9249558848758535,0.7895642201834863,0.676605504587156
C,hf_chinese_spam_10000_holdout,v8_semantic_multisource,main_plus_external_adapt,0.0,0.3,0.7932174162954447,0.732788002726653,0.924598623853211,0.8175941183926987,0.7894572018402373,0.789525936943182,0.7928956818488182,0.3388072601555748,2295.0,1176.0,263.0,3225.0,0.9196884688731535,0.9249558848758535,0.7895642201834863,0.676605504587156
C,hf_chinese_spam_10000_holdout,v8_semantic_multisource,main_plus_external_adapt,0.0,0.35,0.8137663457393304,0.7615751789976134,0.9148509174311926,0.8312060432404272,0.8117568677740598,0.811804379770457,0.8135188035729861,0.2878133102852204,2472.0,999.0,297.0,3191.0,0.9196884688731535,0.9249558848758535,0.7895642201834863,0.676605504587156
C,hf_chinese_spam_10000_holdout,v8_semantic_multisource,main_plus_external_adapt,0.0,0.4,0.8218134789481247,0.7798804780876494,0.8979357798165137,0.8347547974413646,0.8207138502329991,0.8207481505782416,0.8216270659382194,0.2546816479400749,2587.0,884.0,356.0,3132.0,0.9196884688731535,0.9249558848758535,0.7895642201834863,0.676605504587156
C,hf_chinese_spam_10000_holdout,v8_semantic_multisource,main_plus_external_adapt,0.0,0.45,0.8331656847248168,0.8030737171138317,0.8838876146788991,0.841544970656476,0.8326978380819932,0.8327194505627757,0.8330414737180147,0.21780466724286948,2715.0,756.0,405.0,3083.0,0.9196884688731535,0.9249558848758535,0.7895642201834863,0.676605504587156
C,hf_chinese_spam_10000_holdout,v8_semantic_multisource,main_plus_external_adapt,0.0,0.5,0.8429372036212099,0.8256731030731574,0.8704128440366973,0.8474528960223308,0.8427994526017177,0.8428108204042972,0.8428699195694866,0.184673004897724,2830.0,641.0,452.0,3036.0,0.9196884688731535,0.9249558848758535,0.7895642201834863,0.676605504587156
C,hf_chinese_spam_10000_holdout,v8_semantic_multisource,main_plus_external_adapt,0.0,0.55,0.849978445178905,0.8489434608794975,0.8523509174311926,0.8506437768240344,0.8499754680886915,0.8499771006865506,0.8499726353217617,0.15240564678766927,2942.0,529.0,515.0,2973.0,0.9196884688731535,0.9249558848758535,0.7895642201834863,0.676605504587156
C,hf_chinese_spam_10000_holdout,v8_semantic_multisource,main_plus_external_adapt,0.0,0.6,0.8515591320592039,0.8663085646075799,0.8322821100917431,0.8489545255154263,0.8515149799494068,0.8515087250671856,0.8516063388257621,0.12906943244021896,3023.0,448.0,585.0,2903.0,0.9196884688731535,0.9249558848758535,0.7895642201834863,0.676605504587156
C,hf_chinese_spam_10000_holdout,v8_semantic_multisource,main_plus_external_adapt,0.0,0.65,0.8525650237103032,0.8851689612015019,0.8110665137614679,0.8464991023339318,0.8523344281368304,0.8523201731377429,0.8526666478343496,0.10573321809276866,3104.0,367.0,659.0,2829.0,0.9196884688731535,0.9249558848758535,0.7895642201834863,0.676605504587156
C,hf_chinese_spam_10000_holdout,v8_semantic_multisource,main_plus_external_adapt,0.0,0.7,0.8504095416008047,0.9036621577037282,0.7852637614678899,0.8403129314312011,0.8498091214798931,0.8497859234297669,0.850569074626195,0.08412561221549986,3179.0,292.0,749.0,2739.0,0.9196884688731535,0.9249558848758535,0.7895642201834863,0.676605504587156
C,hf_chinese_spam_10000_holdout,v8_semantic_multisource,main_plus_external_adapt,0.0,0.75,0.8459548785745078,0.9247538677918424,0.7540137614678899,0.8307012002526848,0.8446941276770938,0.8446599446384079,0.8461800296823748,0.061653702103140307,3257.0,214.0,858.0,2630.0,0.9196884688731535,0.9249558848758535,0.7895642201834863,0.676605504587156
C,hf_chinese_spam_10000_holdout,v8_semantic_multisource,main_plus_external_adapt,0.0,0.8,0.8291421181204196,0.9457153935633966,0.6992545871559633,0.8040217570463162,0.8262880406681078,0.8262336468153171,0.8294601947591975,0.040334197637568424,3331.0,140.0,1049.0,2439.0,0.9196884688731535,0.9249558848758535,0.7895642201834863,0.676605504587156
C,hf_chinese_spam_10000_holdout,v8_semantic_multisource,main_plus_external_adapt,0.0,0.85,0.8015519471188389,0.9610503282275711,0.6295871559633027,0.7607829551359778,0.7956155414108372,0.7955304495920886,0.8019730651611385,0.02564102564102564,3382.0,89.0,1292.0,2196.0,0.9196884688731535,0.9249558848758535,0.7895642201834863,0.676605504587156
C,hf_chinese_spam_10000_holdout,v8_semantic_multisource,main_plus_external_adapt,0.0,0.9,0.7469464003448771,0.9705722070844687,0.5106077981651376,0.6691715198196506,0.7321424789325129,0.731988648453289,0.747525160966752,0.015557476231633534,3417.0,54.0,1707.0,1781.0,0.9196884688731535,0.9249558848758535,0.7895642201834863,0.676605504587156
C,hf_chinese_spam_10000_holdout,v8_semantic_multisource,main_plus_external_adapt,0.0,0.95,0.6480816209225464,0.9814643188137164,0.3036123853211009,0.463761769213926,0.6009323229558027,0.6005972317913233,0.6489251785435812,0.005762028233938346,3451.0,20.0,2429.0,1059.0,0.9196884688731535,0.9249558848758535,0.7895642201834863,0.676605504587156
C,hf_chinese_spam_10000_holdout,v8_semantic_multisource,main_plus_external_adapt,0.0,1.0,0.49877856013795085,0.0,0.0,0.0,0.33279002876318314,0.3319770627495355,0.5,0.0,3471.0,0.0,3488.0,0.0,0.9196884688731535,0.9249558848758535,0.7895642201834863,0.676605504587156
B,hf_chinese_conversation_spam_holdout,v8_semantic_main,main_only,0.0,-0.2,0.39800443458980045,0.39800443458980045,1.0,0.5693893735130848,0.2846946867565424,0.226619495666516,0.5,1.0,0.0,3258.0,0.0,2154.0,0.8998583160485467,0.8836837860907293,0.6499535747446611,0.552924791086351
B,hf_chinese_conversation_spam_holdout,v8_semantic_main,main_only,0.0,-0.15,0.39800443458980045,0.39800443458980045,1.0,0.5693893735130848,0.2846946867565424,0.226619495666516,0.5,1.0,0.0,3258.0,0.0,2154.0,0.8998583160485467,0.8836837860907293,0.6499535747446611,0.552924791086351
B,hf_chinese_conversation_spam_holdout,v8_semantic_main,main_only,0.0,-0.1,0.39800443458980045,0.39800443458980045,1.0,0.5693893735130848,0.2846946867565424,0.226619495666516,0.5,1.0,0.0,3258.0,0.0,2154.0,0.8998583160485467,0.8836837860907293,0.6499535747446611,0.552924791086351
B,hf_chinese_conversation_spam_holdout,v8_semantic_main,main_only,0.0,-0.05,0.39800443458980045,0.39800443458980045,1.0,0.5693893735130848,0.2846946867565424,0.226619495666516,0.5,1.0,0.0,3258.0,0.0,2154.0,0.8998583160485467,0.8836837860907293,0.6499535747446611,0.552924791086351
B,hf_chinese_conversation_spam_holdout,v8_semantic_main,main_only,0.0,0.0,0.39800443458980045,0.39800443458980045,1.0,0.5693893735130848,0.2846946867565424,0.226619495666516,0.5,1.0,0.0,3258.0,0.0,2154.0,0.8998583160485467,0.8836837860907293,0.6499535747446611,0.552924791086351
B,hf_chinese_conversation_spam_holdout,v8_semantic_main,main_only,0.0,0.05,0.7505543237250555,0.6305194805194805,0.9015784586815228,0.7420710737485671,0.7502841951927093,0.7519595991236651,0.7761422066274404,0.3492940454266421,2120.0,1138.0,212.0,1942.0,0.8998583160485467,0.8836837860907293,0.6499535747446611,0.552924791086351
B,hf_chinese_conversation_spam_holdout,v8_semantic_main,main_only,0.0,0.1,0.807280118255728,0.7259048393655958,0.8286908077994429,0.7738998482549317,0.8029859891733522,0.8089193039505023,0.8109077120642396,0.20687538367096378,2584.0,674.0,369.0,1785.0,0.8998583160485467,0.8836837860907293,0.6499535747446611,0.552924791086351
B,hf_chinese_conversation_spam_holdout,v8_semantic_main,main_only,0.0,0.15,0.8244641537324464,0.7842304060434372,0.7711234911792015,0.7776217228464419,0.8163139139262734,0.8242067777385672,0.8154266934103497,0.14027010435850215,2801.0,457.0,493.0,1661.0,0.8998583160485467,0.8836837860907293,0.6499535747446611,0.552924791086351
B,hf_chinese_conversation_spam_holdout,v8_semantic_main,main_only,0.0,0.2,0.8344419807834442,0.8317510548523207,0.7321262766945218,0.7787654320987655,0.823247493138252,0.8323214390709188,0.8171067233687465,0.09791282995702885,2939.0,319.0,577.0,1577.0,0.8998583160485467,0.8836837860907293,0.6499535747446611,0.552924791086351
B,hf_chinese_conversation_spam_holdout,v8_semantic_main,main_only,0.0,0.25,0.8355506282335551,0.8665893271461717,0.6935933147632312,0.7705002578648789,0.8211844796378814,0.8315236113521082,0.8114989287137211,0.07059545733578883,3028.0,230.0,660.0,1494.0,0.8998583160485467,0.8836837860907293,0.6499535747446611,0.552924791086351
B,hf_chinese_conversation_spam_holdout,v8_semantic_main,main_only,0.0,0.3,0.8335181079083518,0.8922980588603632,0.6615598885793872,0.7597973873633698,0.8162057769561087,0.8277125881368892,0.8043833819815291,0.05279312461632903,3086.0,172.0,729.0,1425.0,0.8998583160485467,0.8836837860907293,0.6499535747446611,0.552924791086351
B,hf_chinese_conversation_spam_holdout,v8_semantic_main,main_only,0.0,0.35,0.8276053215077606,0.9105581708137189,0.6285979572887651,0.7437517165613843,0.8069308492315483,0.8198188319491871,0.7938876833712089,0.04082259054634745,3125.0,133.0,800.0,1354.0,0.8998583160485467,0.8836837860907293,0.6499535747446611,0.552924791086351
B,hf_chinese_conversation_spam_holdout,v8_semantic_main,main_only,0.0,0.4,0.8191056910569106,0.921146953405018,0.596564531104921,0.7241476472245703,0.7947886002445875,0.8091987281333715,0.7814007431460762,0.03376304481276857,3148.0,110.0,869.0,1285.0,0.8998583160485467,0.8836837860907293,0.6499535747446611,0.552924791086351
B,hf_chinese_conversation_spam_holdout,v8_semantic_main,main_only,0.0,0.45,0.8137472283813747,0.9367378048780488,0.5705663881151346,0.7091748413156376,0.7860905465072343,0.8017806681871167,0.7725453180600228,0.025475751995089013,3175.0,83.0,925.0,1229.0,0.8998583160485467,0.8836837860907293,0.6499535747446611,0.552924791086351
B,hf_chinese_conversation_spam_holdout,v8_semantic_main,main_only,0.0,0.5,0.8100517368810052,0.9540322580645161,0.5492107706592386,0.6971125515615793,0.7793772717431046,0.7961585450395576,0.7658576873554019,0.017495395948434623,3201.0,57.0,971.0,1183.0,0.8998583160485467,0.8836837860907293,0.6499535747446611,0.552924791086351
B,hf_chinese_conversation_spam_holdout,v8_semantic_main,main_only,0.0,0.55,0.8017368810051737,0.9663503019844694,0.5199628597957289,0.6761243585873831,0.7666336078651201,0.785096691974991,0.7539961628628736,0.011970534069981584,3219.0,39.0,1034.0,1120.0,0.8998583160485467,0.8836837860907293,0.6499535747446611,0.552924791086351
B,hf_chinese_conversation_spam_holdout,v8_semantic_main,main_only,0.0,0.6,0.7930524759793053,0.9725776965265083,0.49396471680594245,0.6551724137931034,0.75366857226086,0.7737609150081629,0.7423783068375938,0.009208103130755065,3228.0,30.0,1090.0,1064.0,0.8998583160485467,0.8836837860907293,0.6499535747446611,0.552924791086351
B,hf_chinese_conversation_spam_holdout,v8_semantic_main,main_only,0.0,0.65,0.7797487065779749,0.9781312127236581,0.4568245125348189,0.6227848101265823,0.7336262255225814,0.7562368911909448,0.7250359517861327,0.006752608962553714,3236.0,22.0,1170.0,984.0,0.8998583160485467,0.8836837860907293,0.6499535747446611,0.552924791086351
B,hf_chinese_conversation_spam_holdout,v8_semantic_main,main_only,0.0,0.7,0.7649667405764967,0.9772727272727273,0.4192200557103064,0.5867446393762183,0.7112654258073965,0.736666561842138,0.7063871917593889,0.006445672191528545,3237.0,21.0,1251.0,903.0,0.8998583160485467,0.8836837860907293,0.6499535747446611,0.552924791086351
B,hf_chinese_conversation_spam_holdout,v8_semantic_main,main_only,0.0,0.75,0.753880266075388,0.9801401869158879,0.3895078922934076,0.5574750830564784,0.6935059060022601,0.7212549874013997,0.6921449835929898,0.0052179251074278695,3241.0,17.0,1315.0,839.0,0.8998583160485467,0.8836837860907293,0.6499535747446611,0.552924791086351
B,hf_chinese_conversation_spam_holdout,v8_semantic_main,main_only,0.0,0.8,0.7370657797487066,0.9828269484808454,0.34540389972144847,0.511164548265201,0.665666944927495,0.697184063537098,0.6707068608490606,0.003990178023327195,3245.0,13.0,1410.0,744.0,0.8998583160485467,0.8836837860907293,0.6499535747446611,0.552924791086351
B,hf_chinese_conversation_spam_holdout,v8_semantic_main,main_only,0.0,0.85,0.7169253510716925,0.987460815047022,0.2924791086350975,0.4512893982808023,0.6302761732439868,0.666787887870623,0.6450118072334481,0.0024554941682013503,3250.0,8.0,1524.0,630.0,0.8998583160485467,0.8836837860907293,0.6499535747446611,0.552924791086351
B,hf_chinese_conversation_spam_holdout,v8_semantic_main,main_only,0.0,0.9,0.692719881744272,0.9959595959595959,0.22887650882079852,0.3722159305398263,0.5843954270436135,0.6276781624723239,0.6141313176393741,0.0006138735420503376,3256.0,2.0,1661.0,493.0,0.8998583160485467,0.8836837860907293,0.6499535747446611,0.552924791086351
B,hf_chinese_conversation_spam_holdout,v8_semantic_main,main_only,0.0,0.95,0.6561345158906134,1.0,0.1360259981429898,0.23947691050265632,0.5086605037173662,0.5635715692955331,0.5680129990714949,0.0,3258.0,0.0,1861.0,293.0,0.8998583160485467,0.8836837860907293,0.6499535747446611,0.552924791086351
B,hf_chinese_conversation_spam_holdout,v8_semantic_main,main_only,0.0,1.0,0.6019955654101996,0.0,0.0,0.0,0.37577854671280275,0.45243403739479354,0.5,0.0,3258.0,0.0,2154.0,0.0,0.8998583160485467,0.8836837860907293,0.6499535747446611,0.552924791086351
C,hf_chinese_conversation_spam_holdout,v8_semantic_multisource,main_plus_external_adapt,0.0,-0.2,0.39800443458980045,0.39800443458980045,1.0,0.5693893735130848,0.2846946867565424,0.226619495666516,0.5,1.0,0.0,3258.0,0.0,2154.0,0.9742665436639644,0.9658249385323436,0.8974001857010213,0.8189415041782729
C,hf_chinese_conversation_spam_holdout,v8_semantic_multisource,main_plus_external_adapt,0.0,-0.15,0.39800443458980045,0.39800443458980045,1.0,0.5693893735130848,0.2846946867565424,0.226619495666516,0.5,1.0,0.0,3258.0,0.0,2154.0,0.9742665436639644,0.9658249385323436,0.8974001857010213,0.8189415041782729
C,hf_chinese_conversation_spam_holdout,v8_semantic_multisource,main_plus_external_adapt,0.0,-0.1,0.39800443458980045,0.39800443458980045,1.0,0.5693893735130848,0.2846946867565424,0.226619495666516,0.5,1.0,0.0,3258.0,0.0,2154.0,0.9742665436639644,0.9658249385323436,0.8974001857010213,0.8189415041782729
C,hf_chinese_conversation_spam_holdout,v8_semantic_multisource,main_plus_external_adapt,0.0,-0.05,0.39800443458980045,0.39800443458980045,1.0,0.5693893735130848,0.2846946867565424,0.226619495666516,0.5,1.0,0.0,3258.0,0.0,2154.0,0.9742665436639644,0.9658249385323436,0.8974001857010213,0.8189415041782729
C,hf_chinese_conversation_spam_holdout,v8_semantic_multisource,main_plus_external_adapt,0.0,0.0,0.39800443458980045,0.39800443458980045,1.0,0.5693893735130848,0.2846946867565424,0.226619495666516,0.5,1.0,0.0,3258.0,0.0,2154.0,0.9742665436639644,0.9658249385323436,0.8974001857010213,0.8189415041782729
C,hf_chinese_conversation_spam_holdout,v8_semantic_multisource,main_plus_external_adapt,0.0,0.05,0.6502217294900222,0.5323901712583767,0.9958217270194986,0.6938379427462397,0.6429758556652982,0.6326004410057714,0.7087764252040403,0.578268876611418,1374.0,1884.0,9.0,2145.0,0.9742665436639644,0.9658249385323436,0.8974001857010213,0.8189415041782729
C,hf_chinese_conversation_spam_holdout,v8_semantic_multisource,main_plus_external_adapt,0.0,0.1,0.7392830746489283,0.6052109883885585,0.9921077065923862,0.7518029903254178,0.7386179769685077,0.7359283511839496,0.7821189238916504,0.42786985880908535,1864.0,1394.0,17.0,2137.0,0.9742665436639644,0.9658249385323436,0.8974001857010213,0.8189415041782729
C,hf_chinese_conversation_spam_holdout,v8_semantic_multisource,main_plus_external_adapt,0.0,0.15,0.7860310421286031,0.652760736196319,0.9879294336118849,0.7861100849649058,0.7860310129075916,0.7860148829092038,0.8202385044056969,0.3474524248004911,2126.0,1132.0,26.0,2128.0,0.9742665436639644,0.9658249385323436,0.8974001857010213,0.8189415041782729
C,hf_chinese_conversation_spam_holdout,v8_semantic_multisource,main_plus_external_adapt,0.0,0.2,0.8205838876570584,0.6937438584998362,0.9832869080779945,0.8135202611868638,0.820326091070555,0.8217144200047004,0.8481505135847308,0.28698588090853283,2323.0,935.0,36.0,2118.0,0.9742665436639644,0.9658249385323436,0.8974001857010213,0.8189415041782729
C,hf_chinese_conversation_spam_holdout,v8_semantic_multisource,main_plus_external_adapt,0.0,0.25,0.8462675535846268,0.7285615491009682,0.9781801299907149,0.8351169242964724,0.8455612312725007,0.847691777263176,0.8686173823679787,0.24094536525475752,2473.0,785.0,47.0,2107.0,0.9742665436639644,0.9658249385323436,0.8974001857010213,0.8189415041782729
C,hf_chinese_conversation_spam_holdout,v8_semantic_multisource,main_plus_external_adapt,0.0,0.3,0.86529933481153,0.7576853526220615,0.9726090993500465,0.8517991461679203,0.8641722233803192,0.8666962213926045,0.8834807313815917,0.2056476365868631,2588.0,670.0,59.0,2095.0,0.9742665436639644,0.9658249385323436,0.8974001857010213,0.8189415041782729
C,hf_chinese_conversation_spam_holdout,v8_semantic_multisource,main_plus_external_adapt,0.0,0.35,0.881189948263119,0.784557438794727,0.9670380687093779,0.8662923684757746,0.8796964751772056,0.8824307940608679,0.8957351178414907,0.17556783302639656,2686.0,572.0,71.0,2083.0,0.9742665436639644,0.9658249385323436,0.8974001857010213,0.8189415041782729
C,hf_chinese_conversation_spam_holdout,v8_semantic_multisource,main_plus_external_adapt,0.0,0.4,0.8913525498891353,0.8041958041958042,0.9610027855153204,0.8756345177664975,0.8895889124265558,0.8924354851731753,0.9031533264593177,0.15469613259668508,2754.0,504.0,84.0,2070.0,0.9742665436639644,0.9658249385323436,0.8974001857010213,0.8189415041782729
C,hf_chinese_conversation_spam_holdout,v8_semantic_multisource,main_plus_external_adapt,0.0,0.45,0.9009608277900961,0.8262096774193548,0.9512534818941504,0.8843331894691411,0.8988709566085609,0.9018365321669348,0.9094818667911513,0.13228974831184775,2827.0,431.0,105.0,2049.0,0.9742665436639644,0.9658249385323436,0.8974001857010213,0.8189415041782729
C,hf_chinese_conversation_spam_holdout,v8_semantic_multisource,main_plus_external_adapt,0.0,0.5,0.9066888396156689,0.842258198422582,0.9419684308263695,0.8893271970195047,0.9043345775865772,0.9073959501191062,0.9126662289184027,0.11663597298956414,2878.0,380.0,125.0,2029.0,0.9742665436639644,0.9658249385323436,0.8974001857010213,0.8189415041782729
C,hf_chinese_conversation_spam_holdout,v8_semantic_multisource,main_plus_external_adapt,0.0,0.55,0.9150036954915004,0.863519313304721,0.9340761374187558,0.8974130240856378,0.9124289095191596,0.9154920169690133,0.918235122116376,0.09760589318600368,2940.0,318.0,142.0,2012.0,0.9742665436639644,0.9658249385323436,0.8974001857010213,0.8189415041782729
C,hf_chinese_conversation_spam_holdout,v8_semantic_multisource,main_plus_external_adapt,0.0,0.6,0.9185144124168514,0.8815144766146993,0.9187558031569174,0.899749943168902,0.9155559054365912,0.9187801815532816,0.9185553110321112,0.0816451810926949,2992.0,266.0,175.0,1979.0,0.9742665436639644,0.9658249385323436,0.8974001857010213,0.8189415041782729
C,hf_chinese_conversation_spam_holdout,v8_semantic_multisource,main_plus_external_adapt,0.0,0.65,0.9199926090169993,0.8970927549607752,0.9025069637883009,0.8997917148808147,0.9166035308219236,0.9200329921668946,0.9170300319248441,0.06844689993861265,3035.0,223.0,210.0,1944.0,0.9742665436639644,0.9658249385323436,0.8974001857010213,0.8189415041782729
C,hf_chinese_conversation_spam_holdout,v8_semantic_multisource,main_plus_external_adapt,0.0,0.7,0.9170362158167036,0.9076996652319465,0.8811513463324049,0.8942285041224971,0.9129905250510646,0.9168178109167593,0.9109562747622737,0.05923879680785758,3065.0,193.0,256.0,1898.0,0.9742665436639644,0.9658249385323436,0.8974001857010213,0.8189415041782729
C,hf_chinese_conversation_spam_holdout,v8_semantic_multisource,main_plus_external_adapt,0.0,0.75,0.9168514412416852,0.9238805970149254,0.862116991643454,0.8919308357348703,0.9121816340836514,0.9163126173388352,0.9075778328383015,0.04696132596685083,3105.0,153.0,297.0,1857.0,0.9742665436639644,0.9658249385323436,0.8974001857010213,0.8189415041782729
C,hf_chinese_conversation_spam_holdout,v8_semantic_multisource,main_plus_external_adapt,0.0,0.8,0.9142645971914265,0.9433368310598111,0.8347260909935005,0.8857142857142857,0.9085579116330151,0.9132178087162148,0.9007884598613911,0.03314917127071823,3150.0,108.0,356.0,1798.0,0.9742665436639644,0.9658249385323436,0.8974001857010213,0.8189415041782729
C,hf_chinese_conversation_spam_holdout,v8_semantic_multisource,main_plus_external_adapt,0.0,0.85,0.9028085735402809,0.9573033707865168,0.7910863509749304,0.8662938485002541,0.8949756615505624,0.900826497028674,0.8838795781885087,0.02332719459791283,3182.0,76.0,450.0,1704.0,0.9742665436639644,0.9658249385323436,0.8974001857010213,0.8189415041782729
C,hf_chinese_conversation_spam_holdout,v8_semantic_multisource,main_plus_external_adapt,0.0,0.9,0.8837767923133777,0.9709697344039531,0.7298050139275766,0.833289159819772,0.8720409775839748,0.8799460047110407,0.8576894928446968,0.014426028238182934,3211.0,47.0,582.0,1572.0,0.9742665436639644,0.9658249385323436,0.8974001857010213,0.8189415041782729
C,hf_chinese_conversation_spam_holdout,v8_semantic_multisource,main_plus_external_adapt,0.0,0.95,0.8368440502586844,0.9884704073789393,0.5970287836583101,0.7444283646888568,0.8123010326633319,0.8261464549552426,0.7962123660464663,0.004604051565377533,3243.0,15.0,868.0,1286.0,0.9742665436639644,0.9658249385323436,0.8974001857010213,0.8189415041782729
C,hf_chinese_conversation_spam_holdout,v8_semantic_multisource,main_plus_external_adapt,0.0,1.0,0.6019955654101996,0.0,0.0,0.0,0.37577854671280275,0.45243403739479354,0.5,0.0,3258.0,0.0,2154.0,0.0,0.9742665436639644,0.9658249385323436,0.8974001857010213,0.8189415041782729
D,adversarial,v8_semantic_main,main_only,0.0,-0.2,1.0,1.0,1.0,1.0,1.0,1.0,1.0,0.0,0.0,0.0,0.0,131.0,,,,
D,adversarial,v8_semantic_main,main_only,0.0,-0.15,1.0,1.0,1.0,1.0,1.0,1.0,1.0,0.0,0.0,0.0,0.0,131.0,,,,
D,adversarial,v8_semantic_main,main_only,0.0,-0.1,1.0,1.0,1.0,1.0,1.0,1.0,1.0,0.0,0.0,0.0,0.0,131.0,,,,
D,adversarial,v8_semantic_main,main_only,0.0,-0.05,1.0,1.0,1.0,1.0,1.0,1.0,1.0,0.0,0.0,0.0,0.0,131.0,,,,
D,adversarial,v8_semantic_main,main_only,0.0,0.0,1.0,1.0,1.0,1.0,1.0,1.0,1.0,0.0,0.0,0.0,0.0,131.0,,,,
D,adversarial,v8_semantic_main,main_only,0.0,0.05,1.0,1.0,1.0,1.0,1.0,1.0,1.0,0.0,0.0,0.0,0.0,131.0,,,,
D,adversarial,v8_semantic_main,main_only,0.0,0.1,1.0,1.0,1.0,1.0,1.0,1.0,1.0,0.0,0.0,0.0,0.0,131.0,,,,
D,adversarial,v8_semantic_main,main_only,0.0,0.15,1.0,1.0,1.0,1.0,1.0,1.0,1.0,0.0,0.0,0.0,0.0,131.0,,,,
D,adversarial,v8_semantic_main,main_only,0.0,0.2,1.0,1.0,1.0,1.0,1.0,1.0,1.0,0.0,0.0,0.0,0.0,131.0,,,,
D,adversarial,v8_semantic_main,main_only,0.0,0.25,1.0,1.0,1.0,1.0,1.0,1.0,1.0,0.0,0.0,0.0,0.0,131.0,,,,
D,adversarial,v8_semantic_main,main_only,0.0,0.3,1.0,1.0,1.0,1.0,1.0,1.0,1.0,0.0,0.0,0.0,0.0,131.0,,,,
D,adversarial,v8_semantic_main,main_only,0.0,0.35,1.0,1.0,1.0,1.0,1.0,1.0,1.0,0.0,0.0,0.0,0.0,131.0,,,,
D,adversarial,v8_semantic_main,main_only,0.0,0.4,1.0,1.0,1.0,1.0,1.0,1.0,1.0,0.0,0.0,0.0,0.0,131.0,,,,
D,adversarial,v8_semantic_main,main_only,0.0,0.45,1.0,1.0,1.0,1.0,1.0,1.0,1.0,0.0,0.0,0.0,0.0,131.0,,,,
D,adversarial,v8_semantic_main,main_only,0.0,0.5,1.0,1.0,1.0,1.0,1.0,1.0,1.0,0.0,0.0,0.0,0.0,131.0,,,,
D,adversarial,v8_semantic_main,main_only,0.0,0.55,1.0,1.0,1.0,1.0,1.0,1.0,1.0,0.0,0.0,0.0,0.0,131.0,,,,
D,adversarial,v8_semantic_main,main_only,0.0,0.6,1.0,1.0,1.0,1.0,1.0,1.0,1.0,0.0,0.0,0.0,0.0,131.0,,,,
D,adversarial,v8_semantic_main,main_only,0.0,0.65,1.0,1.0,1.0,1.0,1.0,1.0,1.0,0.0,0.0,0.0,0.0,131.0,,,,
D,adversarial,v8_semantic_main,main_only,0.0,0.7,1.0,1.0,1.0,1.0,1.0,1.0,1.0,0.0,0.0,0.0,0.0,131.0,,,,
D,adversarial,v8_semantic_main,main_only,0.0,0.75,1.0,1.0,1.0,1.0,1.0,1.0,1.0,0.0,0.0,0.0,0.0,131.0,,,,
D,adversarial,v8_semantic_main,main_only,0.0,0.8,0.9694656488549618,1.0,0.9694656488549618,0.9844961240310077,0.49224806201550386,0.9844961240310078,0.9694656488549618,0.0,0.0,0.0,4.0,127.0,,,,
D,adversarial,v8_semantic_main,main_only,0.0,0.85,0.9618320610687023,1.0,0.9618320610687023,0.980544747081712,0.490272373540856,0.9805447470817119,0.9618320610687023,0.0,0.0,0.0,5.0,126.0,,,,
D,adversarial,v8_semantic_main,main_only,0.0,0.9,0.9312977099236641,1.0,0.9312977099236641,0.9644268774703557,0.48221343873517786,0.9644268774703557,0.9312977099236641,0.0,0.0,0.0,9.0,122.0,,,,
D,adversarial,v8_semantic_main,main_only,0.0,0.95,0.8396946564885496,1.0,0.8396946564885496,0.9128630705394191,0.45643153526970953,0.9128630705394191,0.8396946564885496,0.0,0.0,0.0,21.0,110.0,,,,
D,adversarial,v8_semantic_main,main_only,0.0,1.0,0.0,0.0,0.0,0.0,0.0,0.0,0.0,0.0,0.0,0.0,131.0,0.0,,,,
D,adversarial,v8_semantic_multisource,main_plus_external_adapt,0.0,-0.2,1.0,1.0,1.0,1.0,1.0,1.0,1.0,0.0,0.0,0.0,0.0,131.0,,,,
D,adversarial,v8_semantic_multisource,main_plus_external_adapt,0.0,-0.15,1.0,1.0,1.0,1.0,1.0,1.0,1.0,0.0,0.0,0.0,0.0,131.0,,,,
D,adversarial,v8_semantic_multisource,main_plus_external_adapt,0.0,-0.1,1.0,1.0,1.0,1.0,1.0,1.0,1.0,0.0,0.0,0.0,0.0,131.0,,,,
D,adversarial,v8_semantic_multisource,main_plus_external_adapt,0.0,-0.05,1.0,1.0,1.0,1.0,1.0,1.0,1.0,0.0,0.0,0.0,0.0,131.0,,,,
D,adversarial,v8_semantic_multisource,main_plus_external_adapt,0.0,0.0,1.0,1.0,1.0,1.0,1.0,1.0,1.0,0.0,0.0,0.0,0.0,131.0,,,,
D,adversarial,v8_semantic_multisource,main_plus_external_adapt,0.0,0.05,1.0,1.0,1.0,1.0,1.0,1.0,1.0,0.0,0.0,0.0,0.0,131.0,,,,
D,adversarial,v8_semantic_multisource,main_plus_external_adapt,0.0,0.1,1.0,1.0,1.0,1.0,1.0,1.0,1.0,0.0,0.0,0.0,0.0,131.0,,,,
D,adversarial,v8_semantic_multisource,main_plus_external_adapt,0.0,0.15,1.0,1.0,1.0,1.0,1.0,1.0,1.0,0.0,0.0,0.0,0.0,131.0,,,,
D,adversarial,v8_semantic_multisource,main_plus_external_adapt,0.0,0.2,1.0,1.0,1.0,1.0,1.0,1.0,1.0,0.0,0.0,0.0,0.0,131.0,,,,
D,adversarial,v8_semantic_multisource,main_plus_external_adapt,0.0,0.25,1.0,1.0,1.0,1.0,1.0,1.0,1.0,0.0,0.0,0.0,0.0,131.0,,,,
D,adversarial,v8_semantic_multisource,main_plus_external_adapt,0.0,0.3,1.0,1.0,1.0,1.0,1.0,1.0,1.0,0.0,0.0,0.0,0.0,131.0,,,,
D,adversarial,v8_semantic_multisource,main_plus_external_adapt,0.0,0.35,1.0,1.0,1.0,1.0,1.0,1.0,1.0,0.0,0.0,0.0,0.0,131.0,,,,
D,adversarial,v8_semantic_multisource,main_plus_external_adapt,0.0,0.4,1.0,1.0,1.0,1.0,1.0,1.0,1.0,0.0,0.0,0.0,0.0,131.0,,,,
D,adversarial,v8_semantic_multisource,main_plus_external_adapt,0.0,0.45,1.0,1.0,1.0,1.0,1.0,1.0,1.0,0.0,0.0,0.0,0.0,131.0,,,,
D,adversarial,v8_semantic_multisource,main_plus_external_adapt,0.0,0.5,0.9923664122137404,1.0,0.9923664122137404,0.9961685823754789,0.49808429118773945,0.9961685823754788,0.9923664122137404,0.0,0.0,0.0,1.0,130.0,,,,
D,adversarial,v8_semantic_multisource,main_plus_external_adapt,0.0,0.55,0.9923664122137404,1.0,0.9923664122137404,0.9961685823754789,0.49808429118773945,0.9961685823754788,0.9923664122137404,0.0,0.0,0.0,1.0,130.0,,,,
D,adversarial,v8_semantic_multisource,main_plus_external_adapt,0.0,0.6,0.9923664122137404,1.0,0.9923664122137404,0.9961685823754789,0.49808429118773945,0.9961685823754788,0.9923664122137404,0.0,0.0,0.0,1.0,130.0,,,,
D,adversarial,v8_semantic_multisource,main_plus_external_adapt,0.0,0.65,0.9923664122137404,1.0,0.9923664122137404,0.9961685823754789,0.49808429118773945,0.9961685823754788,0.9923664122137404,0.0,0.0,0.0,1.0,130.0,,,,
D,adversarial,v8_semantic_multisource,main_plus_external_adapt,0.0,0.7,0.9694656488549618,1.0,0.9694656488549618,0.9844961240310077,0.49224806201550386,0.9844961240310078,0.9694656488549618,0.0,0.0,0.0,4.0,127.0,,,,
D,adversarial,v8_semantic_multisource,main_plus_external_adapt,0.0,0.75,0.9618320610687023,1.0,0.9618320610687023,0.980544747081712,0.490272373540856,0.9805447470817119,0.9618320610687023,0.0,0.0,0.0,5.0,126.0,,,,
D,adversarial,v8_semantic_multisource,main_plus_external_adapt,0.0,0.8,0.9389312977099237,1.0,0.9389312977099237,0.968503937007874,0.484251968503937,0.968503937007874,0.9389312977099237,0.0,0.0,0.0,8.0,123.0,,,,
D,adversarial,v8_semantic_multisource,main_plus_external_adapt,0.0,0.85,0.9083969465648855,1.0,0.9083969465648855,0.952,0.476,0.952,0.9083969465648855,0.0,0.0,0.0,12.0,119.0,,,,
D,adversarial,v8_semantic_multisource,main_plus_external_adapt,0.0,0.9,0.8549618320610687,1.0,0.8549618320610687,0.9218106995884774,0.4609053497942387,0.9218106995884774,0.8549618320610687,0.0,0.0,0.0,19.0,112.0,,,,
D,adversarial,v8_semantic_multisource,main_plus_external_adapt,0.0,0.95,0.6946564885496184,1.0,0.6946564885496184,0.8198198198198198,0.4099099099099099,0.8198198198198198,0.6946564885496184,0.0,0.0,0.0,40.0,91.0,,,,
D,adversarial,v8_semantic_multisource,main_plus_external_adapt,0.0,1.0,0.0,0.0,0.0,0.0,0.0,0.0,0.0,0.0,0.0,0.0,131.0,0.0,,,,
D,keyword_challenge,v8_semantic_main,main_only,0.0,-0.2,1.0,1.0,1.0,1.0,1.0,1.0,1.0,0.0,0.0,0.0,0.0,270.0,,,,
D,keyword_challenge,v8_semantic_main,main_only,0.0,-0.15,1.0,1.0,1.0,1.0,1.0,1.0,1.0,0.0,0.0,0.0,0.0,270.0,,,,
D,keyword_challenge,v8_semantic_main,main_only,0.0,-0.1,1.0,1.0,1.0,1.0,1.0,1.0,1.0,0.0,0.0,0.0,0.0,270.0,,,,
D,keyword_challenge,v8_semantic_main,main_only,0.0,-0.05,1.0,1.0,1.0,1.0,1.0,1.0,1.0,0.0,0.0,0.0,0.0,270.0,,,,
D,keyword_challenge,v8_semantic_main,main_only,0.0,0.0,1.0,1.0,1.0,1.0,1.0,1.0,1.0,0.0,0.0,0.0,0.0,270.0,,,,
D,keyword_challenge,v8_semantic_main,main_only,0.0,0.05,0.8518518518518519,1.0,0.8518518518518519,0.92,0.46,0.92,0.8518518518518519,0.0,0.0,0.0,40.0,230.0,,,,
D,keyword_challenge,v8_semantic_main,main_only,0.0,0.1,0.7,1.0,0.7,0.8235294117647058,0.4117647058823529,0.8235294117647058,0.7,0.0,0.0,0.0,81.0,189.0,,,,
D,keyword_challenge,v8_semantic_main,main_only,0.0,0.15,0.5555555555555556,1.0,0.5555555555555556,0.7142857142857143,0.35714285714285715,0.7142857142857143,0.5555555555555556,0.0,0.0,0.0,120.0,150.0,,,,
D,keyword_challenge,v8_semantic_main,main_only,0.0,0.2,0.45925925925925926,1.0,0.45925925925925926,0.6294416243654822,0.3147208121827411,0.6294416243654822,0.45925925925925926,0.0,0.0,0.0,146.0,124.0,,,,
D,keyword_challenge,v8_semantic_main,main_only,0.0,0.25,0.40370370370370373,1.0,0.40370370370370373,0.575197889182058,0.287598944591029,0.575197889182058,0.40370370370370373,0.0,0.0,0.0,161.0,109.0,,,,
D,keyword_challenge,v8_semantic_main,main_only,0.0,0.3,0.34814814814814815,1.0,0.34814814814814815,0.5164835164835165,0.25824175824175827,0.5164835164835165,0.34814814814814815,0.0,0.0,0.0,176.0,94.0,,,,
D,keyword_challenge,v8_semantic_main,main_only,0.0,0.35,0.2814814814814815,1.0,0.2814814814814815,0.4393063583815029,0.21965317919075145,0.4393063583815029,0.2814814814814815,0.0,0.0,0.0,194.0,76.0,,,,
D,keyword_challenge,v8_semantic_main,main_only,0.0,0.4,0.23703703703703705,1.0,0.23703703703703705,0.38323353293413176,0.19161676646706588,0.38323353293413176,0.23703703703703705,0.0,0.0,0.0,206.0,64.0,,,,
D,keyword_challenge,v8_semantic_main,main_only,0.0,0.45,0.2074074074074074,1.0,0.2074074074074074,0.34355828220858897,0.17177914110429449,0.34355828220858897,0.2074074074074074,0.0,0.0,0.0,214.0,56.0,,,,
D,keyword_challenge,v8_semantic_main,main_only,0.0,0.5,0.16296296296296298,1.0,0.16296296296296298,0.2802547770700637,0.14012738853503184,0.2802547770700637,0.16296296296296298,0.0,0.0,0.0,226.0,44.0,,,,
D,keyword_challenge,v8_semantic_main,main_only,0.0,0.55,0.1259259259259259,1.0,0.1259259259259259,0.2236842105263158,0.1118421052631579,0.2236842105263158,0.1259259259259259,0.0,0.0,0.0,236.0,34.0,,,,
D,keyword_challenge,v8_semantic_main,main_only,0.0,0.6,0.1111111111111111,1.0,0.1111111111111111,0.2,0.1,0.2,0.1111111111111111,0.0,0.0,0.0,240.0,30.0,,,,
D,keyword_challenge,v8_semantic_main,main_only,0.0,0.65,0.09259259259259259,1.0,0.09259259259259259,0.1694915254237288,0.0847457627118644,0.1694915254237288,0.09259259259259259,0.0,0.0,0.0,245.0,25.0,,,,
D,keyword_challenge,v8_semantic_main,main_only,0.0,0.7,0.05925925925925926,1.0,0.05925925925925926,0.11188811188811189,0.055944055944055944,0.11188811188811189,0.05925925925925926,0.0,0.0,0.0,254.0,16.0,,,,
D,keyword_challenge,v8_semantic_main,main_only,0.0,0.75,0.04814814814814815,1.0,0.04814814814814815,0.09187279151943463,0.045936395759717315,0.09187279151943463,0.04814814814814815,0.0,0.0,0.0,257.0,13.0,,,,
D,keyword_challenge,v8_semantic_main,main_only,0.0,0.8,0.02962962962962963,1.0,0.02962962962962963,0.05755395683453238,0.02877697841726619,0.05755395683453238,0.02962962962962963,0.0,0.0,0.0,262.0,8.0,,,,
D,keyword_challenge,v8_semantic_main,main_only,0.0,0.85,0.014814814814814815,1.0,0.014814814814814815,0.029197080291970802,0.014598540145985401,0.029197080291970802,0.014814814814814815,0.0,0.0,0.0,266.0,4.0,,,,
D,keyword_challenge,v8_semantic_main,main_only,0.0,0.9,0.007407407407407408,1.0,0.007407407407407408,0.014705882352941176,0.007352941176470588,0.014705882352941176,0.007407407407407408,0.0,0.0,0.0,268.0,2.0,,,,
D,keyword_challenge,v8_semantic_main,main_only,0.0,0.95,0.003703703703703704,1.0,0.003703703703703704,0.007380073800738007,0.0036900369003690036,0.007380073800738007,0.003703703703703704,0.0,0.0,0.0,269.0,1.0,,,,
D,keyword_challenge,v8_semantic_main,main_only,0.0,1.0,0.0,0.0,0.0,0.0,0.0,0.0,0.0,0.0,0.0,0.0,270.0,0.0,,,,
D,keyword_challenge,v8_semantic_multisource,main_plus_external_adapt,0.0,-0.2,1.0,1.0,1.0,1.0,1.0,1.0,1.0,0.0,0.0,0.0,0.0,270.0,,,,
D,keyword_challenge,v8_semantic_multisource,main_plus_external_adapt,0.0,-0.15,1.0,1.0,1.0,1.0,1.0,1.0,1.0,0.0,0.0,0.0,0.0,270.0,,,,
D,keyword_challenge,v8_semantic_multisource,main_plus_external_adapt,0.0,-0.1,1.0,1.0,1.0,1.0,1.0,1.0,1.0,0.0,0.0,0.0,0.0,270.0,,,,
D,keyword_challenge,v8_semantic_multisource,main_plus_external_adapt,0.0,-0.05,1.0,1.0,1.0,1.0,1.0,1.0,1.0,0.0,0.0,0.0,0.0,270.0,,,,
D,keyword_challenge,v8_semantic_multisource,main_plus_external_adapt,0.0,0.0,1.0,1.0,1.0,1.0,1.0,1.0,1.0,0.0,0.0,0.0,0.0,270.0,,,,
D,keyword_challenge,v8_semantic_multisource,main_plus_external_adapt,0.0,0.05,0.9962962962962963,1.0,0.9962962962962963,0.9981447124304267,0.49907235621521334,0.9981447124304267,0.9962962962962963,0.0,0.0,0.0,1.0,269.0,,,,
D,keyword_challenge,v8_semantic_multisource,main_plus_external_adapt,0.0,0.1,0.9888888888888889,1.0,0.9888888888888889,0.994413407821229,0.4972067039106145,0.994413407821229,0.9888888888888889,0.0,0.0,0.0,3.0,267.0,,,,
D,keyword_challenge,v8_semantic_multisource,main_plus_external_adapt,0.0,0.15,0.9777777777777777,1.0,0.9777777777777777,0.9887640449438202,0.4943820224719101,0.9887640449438202,0.9777777777777777,0.0,0.0,0.0,6.0,264.0,,,,
D,keyword_challenge,v8_semantic_multisource,main_plus_external_adapt,0.0,0.2,0.9666666666666667,1.0,0.9666666666666667,0.9830508474576272,0.4915254237288136,0.983050847457627,0.9666666666666667,0.0,0.0,0.0,9.0,261.0,,,,
D,keyword_challenge,v8_semantic_multisource,main_plus_external_adapt,0.0,0.25,0.9407407407407408,1.0,0.9407407407407408,0.9694656488549618,0.4847328244274809,0.9694656488549617,0.9407407407407408,0.0,0.0,0.0,16.0,254.0,,,,
D,keyword_challenge,v8_semantic_multisource,main_plus_external_adapt,0.0,0.3,0.937037037037037,1.0,0.937037037037037,0.9674952198852772,0.4837476099426386,0.9674952198852772,0.937037037037037,0.0,0.0,0.0,17.0,253.0,,,,
D,keyword_challenge,v8_semantic_multisource,main_plus_external_adapt,0.0,0.35,0.9185185185185185,1.0,0.9185185185185185,0.9575289575289575,0.47876447876447875,0.9575289575289574,0.9185185185185185,0.0,0.0,0.0,22.0,248.0,,,,
D,keyword_challenge,v8_semantic_multisource,main_plus_external_adapt,0.0,0.4,0.8925925925925926,1.0,0.8925925925925926,0.9432485322896281,0.47162426614481406,0.9432485322896281,0.8925925925925926,0.0,0.0,0.0,29.0,241.0,,,,
D,keyword_challenge,v8_semantic_multisource,main_plus_external_adapt,0.0,0.45,0.8629629629629629,1.0,0.8629629629629629,0.9264413518886679,0.46322067594433397,0.9264413518886679,0.8629629629629629,0.0,0.0,0.0,37.0,233.0,,,,
D,keyword_challenge,v8_semantic_multisource,main_plus_external_adapt,0.0,0.5,0.7777777777777778,1.0,0.7777777777777778,0.875,0.4375,0.875,0.7777777777777778,0.0,0.0,0.0,60.0,210.0,,,,
D,keyword_challenge,v8_semantic_multisource,main_plus_external_adapt,0.0,0.55,0.725925925925926,1.0,0.725925925925926,0.8412017167381974,0.4206008583690987,0.8412017167381974,0.725925925925926,0.0,0.0,0.0,74.0,196.0,,,,
D,keyword_challenge,v8_semantic_multisource,main_plus_external_adapt,0.0,0.6,0.6481481481481481,1.0,0.6481481481481481,0.7865168539325843,0.39325842696629215,0.7865168539325843,0.6481481481481481,0.0,0.0,0.0,95.0,175.0,,,,
D,keyword_challenge,v8_semantic_multisource,main_plus_external_adapt,0.0,0.65,0.5888888888888889,1.0,0.5888888888888889,0.7412587412587412,0.3706293706293706,0.7412587412587412,0.5888888888888889,0.0,0.0,0.0,111.0,159.0,,,,
D,keyword_challenge,v8_semantic_multisource,main_plus_external_adapt,0.0,0.7,0.5111111111111111,1.0,0.5111111111111111,0.6764705882352942,0.3382352941176471,0.6764705882352942,0.5111111111111111,0.0,0.0,0.0,132.0,138.0,,,,
D,keyword_challenge,v8_semantic_multisource,main_plus_external_adapt,0.0,0.75,0.45185185185185184,1.0,0.45185185185185184,0.6224489795918368,0.3112244897959184,0.6224489795918368,0.45185185185185184,0.0,0.0,0.0,148.0,122.0,,,,
D,keyword_challenge,v8_semantic_multisource,main_plus_external_adapt,0.0,0.8,0.34814814814814815,1.0,0.34814814814814815,0.5164835164835165,0.25824175824175827,0.5164835164835165,0.34814814814814815,0.0,0.0,0.0,176.0,94.0,,,,
D,keyword_challenge,v8_semantic_multisource,main_plus_external_adapt,0.0,0.85,0.22592592592592592,1.0,0.22592592592592592,0.3685800604229607,0.18429003021148035,0.3685800604229607,0.22592592592592592,0.0,0.0,0.0,209.0,61.0,,,,
D,keyword_challenge,v8_semantic_multisource,main_plus_external_adapt,0.0,0.9,0.13333333333333333,1.0,0.13333333333333333,0.23529411764705882,0.11764705882352941,0.23529411764705882,0.13333333333333333,0.0,0.0,0.0,234.0,36.0,,,,
D,keyword_challenge,v8_semantic_multisource,main_plus_external_adapt,0.0,0.95,0.040740740740740744,1.0,0.040740740740740744,0.07829181494661921,0.03914590747330961,0.07829181494661921,0.040740740740740744,0.0,0.0,0.0,259.0,11.0,,,,
D,keyword_challenge,v8_semantic_multisource,main_plus_external_adapt,0.0,1.0,0.0,0.0,0.0,0.0,0.0,0.0,0.0,0.0,0.0,0.0,270.0,0.0,,,,
